"tickers";"capex2018";"capex2019";"capex2020";"capex2021";"capex2022";"net_assets_from_acquisitions2018";"net_assets_from_acquisitions2019";"net_assets_from_acquisitions2020";"net_assets_from_acquisitions2021";"net_assets_from_acquisitions2022";"sale_of_fixed_assets_businesses2018";"sale_of_fixed_assets_businesses2019";"sale_of_fixed_assets_businesses2020";"sale_of_fixed_assets_businesses2021";"sale_of_fixed_assets_businesses2022"
"A";"(177M)";"(156M)";"(119M)";"(189M)";"(291M)";"(516M)";"(1.41B)";"-";"(546M)";"(52M)";"1M";"-";"1M";"1M";"-"
"AAL";"(3.75B)";"(4.27B)";"(1.96B)";"(412M)";"(2.91B)";"-";"-";"-";"-";"-";"1.21B";"904M";"1.02B";"374M";"147M"
"AAP";"(193.72M)";"(471.65M)";"(267.81M)";"(289.64M)";"(425.96M)";"-";"-";"-";"-";"-";"1.89M";"8.71M";"909K";"2.33M";"1.51M"
"AAPL";"(13.31B)";"(10.5B)";"(7.31B)";"(11.09B)";"(10.71B)";"(721M)";"(624M)";"(1.52B)";"(33M)";"(306M)";"-";"-";"-";"-";"-"
"ABBV";"(638M)";"(552M)";"(2B)";"(787M)";"(695M)";"-";"-";"(38.26B)";"(525M)";"(255M)";"-";"-";"-";"-";"-"
"ABT";"(1.39B)";"(1.64B)";"(2.18B)";"(1.89B)";"(1.78B)";"-";"(170M)";"(42M)";"(187M)";"-";"48M";"48M";"58M";"134M";"48M"
"ACGL";"(29.81M)";"(37.84M)";"(39.87M)";"(41.39M)";"(51.67M)";"-";"-";"-";"(753.92M)";"-";"-";"-";"-";"-";"-"
"ACN";"(619.19M)";"(599.01M)";"(599.13M)";"(580.13M)";"(718M)";"(657.55M)";"(1.19B)";"(1.53B)";"(4.17B)";"(3.45B)";"27.13M";"36.5M";"236.21M";"441.49M";"(107.66M)"
"ADBE";"(285.09M)";"(443.21M)";"(434M)";"(390M)";"(488M)";"(6.31B)";"(100.7M)";"-";"(2.68B)";"(126M)";"-";"-";"-";"-";"-"
"ADI";"(261.16M)";"(282.02M)";"(166.33M)";"(347.91M)";"(699.31M)";"(52.84M)";"(11.17M)";"(14.2M)";"(24.95M)";"-";"-";"-";"-";"2.49B";"-"
"ADM";"(842M)";"(828M)";"(823M)";"(1.17B)";"(1.32B)";"(464M)";"(1.95B)";"(15M)";"(1.56B)";"(22M)";"191M";"293M";"728M";"245M";"131M"
"ADP";"(566.5M)";"(616.4M)";"(505.9M)";"(553.4M)";"(571.6M)";"(125.5M)";"-";"-";"(11.7M)";"(32.4M)";"7.9M";"29.4M";"18.8M";"34.2M";"-"
"ADSK";"(67M)";"(53.2M)";"(95.9M)";"(66.5M)";"(46M)";"(1.04B)";"-";"(246.2M)";"(1.25B)";"(96M)";"-";"-";"-";"-";"-"
"AEE";"(2.34B)";"(2.44B)";"(3.3B)";"(3.52B)";"(3.38B)";"-";"-";"-";"-";"-";"-";"-";"-";"-";"-"
"AEP";"(6.36B)";"(6.14B)";"(6.32B)";"(5.76B)";"(6.77B)";"(14.6M)";"(918.4M)";"(100.2M)";"(767.2M)";"(1.21B)";"-";"-";"-";"-";"218M"
"AES";"(2.12B)";"(2.41B)";"(1.9B)";"(2.12B)";"(4.55B)";"(66M)";"(192M)";"(395M)";"(775M)";"(845M)";"2.06B";"195M";"722M";"268M";"743M"
"AFL";"-";"-";"-";"-";"-";"-";"-";"-";"-";"-";"-";"-";"-";"-";"-"
"AIG";"-";"-";"-";"-";"-";"(5.72B)";"-";"-";"-";"-";"10M";"2M";"2.17B";"4.68B";"-"
"AIZ";"(82.8M)";"(110.3M)";"(121.2M)";"(187.4M)";"(186.3M)";"(1.11B)";"(7.6M)";"(458.6M)";"(16.6M)";"(72.5M)";"69.9M";"3.3M";"-";"1.32B";"4.8M"
"AJG";"(124.4M)";"(138.8M)";"(99.3M)";"(128.6M)";"(182.7M)";"(784.8M)";"(1.27B)";"(324.3M)";"(3.25B)";"(764.9M)";"14.5M";"81M";"8.2M";"15.7M";"11M"
"AKAM";"(405.74M)";"(562.08M)";"(731.87M)";"(545.23M)";"(458.3M)";"(79K)";"(165.33M)";"(164.38M)";"(598.83M)";"(872.09M)";"-";"-";"-";"-";"-"
"ALB";"(699.99M)";"(851.8M)";"(850.48M)";"(953.67M)";"(1.26B)";"(11.4M)";"(820M)";"(22.57M)";"-";"(162.24M)";"413.57M";"10.36M";"-";"289.79M";"-"
"ALGN";"(223.31M)";"(149.71M)";"(154.92M)";"(401.1M)";"(291.9M)";"-";"-";"(420.79M)";"(8M)";"(12.3M)";"-";"-";"-";"-";"-"
"ALK";"(960M)";"(696M)";"(206M)";"(292M)";"(1.67B)";"-";"-";"-";"-";"-";"47M";"-";"279M";"2M";"4M"
"ALL";"(277M)";"(433M)";"(308M)";"(345M)";"(420M)";"(558M)";"(18M)";"-";"(3.59B)";"-";"-";"-";"1M";"2.06B";"209M"
"ALLE";"(49.1M)";"(65.6M)";"(47.1M)";"(45.4M)";"(64M)";"(376.1M)";"(7.6M)";"(12.5M)";"(6.5M)";"(923.1M)";"200K";"3.3M";"-";"-";"-"
"AMAT";"(622M)";"(441M)";"(422M)";"(668M)";"(787M)";"(6M)";"(28M)";"(107M)";"(12M)";"(441M)";"-";"-";"-";"-";"-"
"AMD";"(163M)";"(217M)";"(294M)";"(301M)";"(450M)";"-";"-";"-";"-";"(1.54B)";"-";"-";"-";"-";"2.37B"
"AME";"(82.08M)";"(102.35M)";"(74.2M)";"(110.67M)";"(139.01M)";"(1.13B)";"(1.06B)";"(116.51M)";"(1.96B)";"(429.71M)";"2.57M";"11.31M";"254.82M";"14.34M";"15.49M"
"AMGN";"(738M)";"(618M)";"(608M)";"(880M)";"(936M)";"-";"(13.62B)";"-";"(2.53B)";"(3.84B)";"195M";"-";"-";"-";"130M"
"AMP";"(162M)";"(143M)";"(147M)";"(120M)";"(182M)";"-";"-";"-";"(576M)";"-";"-";"934M";"-";"-";"34M"
"AMT";"(913.2M)";"(991.3M)";"(1.03B)";"(1.38B)";"(1.87B)";"(1.9B)";"(3.45B)";"(4.66B)";"(19.48B)";"(549M)";"-";"-";"-";"3.08B";"3.12B"
"AMZN";"(13.43B)";"(16.86B)";"(40.14B)";"(61.05B)";"(63.65B)";"(2.19B)";"(2.46B)";"(2.33B)";"(1.99B)";"(8.32B)";"2.1B";"4.17B";"5.1B";"5.66B";"5.32B"
"ANET";"(23.83M)";"(15.75M)";"(15.38M)";"(64.74M)";"(44.64M)";"(96.82M)";"(1.37M)";"(227.42M)";"-";"(145.09M)";"-";"-";"-";"-";"-"
"ANSS";"(21.76M)";"(44.94M)";"(35.37M)";"(23.02M)";"(24.37M)";"(283.03M)";"(787.2M)";"(572.33M)";"(510.81M)";"(386.26M)";"-";"-";"-";"-";"-"
"AON";"(240M)";"(225M)";"(141M)";"(137M)";"(196M)";"(68M)";"(39M)";"(368M)";"(14M)";"(162M)";"-";"52M";"30M";"218M";"81M"
"AOS";"(85.2M)";"(64.4M)";"(56.8M)";"(75.1M)";"(70.3M)";"-";"(107M)";"-";"(207.6M)";"(8M)";"-";"-";"-";"-";"-"
"APA";"(3.9B)";"(2.96B)";"(1.3B)";"(1.11B)";"(1.81B)";"-";"-";"-";"-";"(591M)";"138M";"1.33B";"166M";"256M";"778M"
"APD";"(1.57B)";"(1.99B)";"(2.51B)";"(2.46B)";"(2.93B)";"(345.4M)";"(123.2M)";"(183.3M)";"(10.5M)";"(65.1M)";"48.8M";"11.1M";"80.3M";"37.5M";"67.2M"
"APH";"(310.6M)";"(295M)";"(276.8M)";"(360.4M)";"(383.8M)";"(158.9M)";"(937.4M)";"(50.4M)";"(2.23B)";"(288.2M)";"5M";"7.4M";"12.7M";"3.7M";"5.6M"
"APTV";"(846M)";"(781M)";"(584M)";"(611M)";"(844M)";"(1.2B)";"(334M)";"(49M)";"(130M)";"(4.31B)";"13M";"14M";"10M";"9M";"4M"
"ARE";"-";"-";"-";"-";"-";"-";"-";"-";"-";"-";"28.28M";"1.02B";"367.61M";"2.03B";"1.54B"
"ATO";"(1.47B)";"(1.69B)";"(1.94B)";"(1.97B)";"(2.44B)";"-";"-";"-";"-";"-";"-";"-";"-";"-";"-"
"ATVI";"(131M)";"(116M)";"(78M)";"(80M)";"(91M)";"-";"-";"-";"-";"(135M)";"-";"-";"-";"-";"-"
"AVB";"(86.93M)";"(140.89M)";"(137.04M)";"(153.24M)";"(174.71M)";"-";"-";"(68K)";"(55K)";"(997K)";"-";"456K";"-";"-";"-"
"AVGO";"(635M)";"(432M)";"(463M)";"(443M)";"(424M)";"(4.8B)";"(16.03B)";"(10.87B)";"(8M)";"(246M)";"1.01B";"1.05B";"230M";"49M";"-"
"AVY";"(256.6M)";"(257.2M)";"(218.6M)";"(272.1M)";"(298.5M)";"(3.8M)";"(6.5M)";"(350.4M)";"(1.48B)";"(39.5M)";"9.4M";"7.8M";"9.2M";"8.7M";"3.4M"
"AWK";"(1.59B)";"(1.65B)";"(1.82B)";"(1.76B)";"(2.3B)";"(398M)";"(235M)";"(135M)";"(135M)";"(315M)";"35M";"48M";"2M";"472M";"608M"
"AXP";"(1.31B)";"(1.69B)";"(1.48B)";"(1.64B)";"(1.86B)";"(520M)";"(352M)";"(597M)";"-";"(15M)";"1M";"43M";"1M";"89M";"1M"
"AZO";"(522.25M)";"(496.05M)";"(457.74M)";"(621.77M)";"(672.39M)";"-";"-";"-";"-";"-";"-";"6.6M";"11.76M";"29.98M";"57.99M"
"BA";"(1.79B)";"(1.96B)";"(1.3B)";"(980M)";"(1.22B)";"(3.23B)";"(455M)";"-";"(6M)";"-";"155M";"805M";"296M";"529M";"35M"
"BAC";"-";"-";"-";"-";"-";"-";"-";"-";"-";"-";"-";"-";"-";"-";"-"
"BALL";"(816M)";"(598M)";"(1.11B)";"(1.73B)";"(1.65B)";"-";"-";"(86M)";"-";"-";"539M";"160M";"-";"112M";"759M"
"BAX";"(659M)";"(696M)";"(709M)";"(743M)";"(679M)";"(268M)";"(418M)";"(494M)";"(10.5B)";"(263M)";"-";"-";"-";"-";"-"
"BBWI";"(629M)";"(458M)";"(228M)";"(270M)";"(328M)";"-";"-";"-";"-";"-";"-";"-";"-";"-";"-"
"BBY";"(819M)";"(743M)";"(713M)";"(737M)";"(930M)";"(787M)";"(145M)";"-";"(468M)";"-";"-";"-";"-";"-";"-"
"BDX";"(895M)";"(957M)";"(810M)";"(1.19B)";"(973M)";"(15.16B)";"-";"(164M)";"(508M)";"(2.07B)";"534M";"477M";"-";"-";"-"
"BEN";"(106.5M)";"(233.7M)";"(103.7M)";"(79.3M)";"(90.3M)";"(86.8M)";"(684.2M)";"(3.82B)";"(9M)";"(1.35B)";"-";"-";"-";"-";"-"
"BF.B";"(121M)";"(119M)";"(65M)";"(138M)";"(183M)";"-";"(22M)";"(14M)";"-";"(1.2B)";"-";"-";"177M";"-";"-"
"BIIB";"(886.1M)";"(669.5M)";"(551.8M)";"(294.9M)";"(243.2M)";"-";"(744.4M)";"-";"-";"-";"-";"923.7M";"-";"28.1M";"595M"
"BIO";"(129.83M)";"(98.53M)";"(98.92M)";"(133.75M)";"(114.16M)";"-";"-";"(96.66M)";"(125.52M)";"(100.75M)";"11.28M";"129K";"12.31M";"52K";"1.52M"
"BK";"(1.11B)";"(1.21B)";"(1.22B)";"(1.22B)";"(1.35B)";"-";"-";"-";"(170M)";"-";"107M";"-";"-";"42M";"491M"
"BKNG";"(442M)";"(368M)";"(286M)";"(304M)";"(368M)";"(273M)";"(9M)";"-";"(1.19B)";"-";"-";"-";"-";"-";"601M"
"BKR";"(995M)";"(1.24B)";"(974M)";"(856M)";"(989M)";"(594M)";"(176M)";"(26M)";"(179M)";"(845M)";"911M";"341M";"374M";"385M";"217M"
"BLK";"(204M)";"(254M)";"(194M)";"(341M)";"(533M)";"(699M)";"(1.51B)";"-";"(1.11B)";"-";"-";"-";"-";"-";"-"
"BMY";"(951M)";"(836M)";"(753M)";"(973M)";"(1.12B)";"(1.25B)";"(24.63B)";"(13.08B)";"(1.61B)";"(4.29B)";"1.25B";"15.85B";"870M";"748M";"1.31B"
"BR";"(72.6M)";"(98.7M)";"(100.7M)";"(73.1M)";"(75.2M)";"(354.7M)";"(339.1M)";"(2.6B)";"(13.3M)";"-";"-";"-";"18M";"-";"-"
"BRK.B";"(14.54B)";"(15.98B)";"(13.01B)";"(13.28B)";"(15.46B)";"(3.28B)";"(1.68B)";"(2.53B)";"(456M)";"(10.59B)";"-";"-";"-";"-";"-"
"BRO";"(41.52M)";"(73.11M)";"(70.7M)";"(45.05M)";"(52.6M)";"(923.87M)";"(353.04M)";"(694.84M)";"(366.78M)";"(1.93B)";"4.98M";"21.59M";"9.62M";"16.74M";"60.4M"
"BSX";"(316M)";"(461M)";"(376M)";"(554M)";"(588M)";"(1.45B)";"(4.38B)";"(3M)";"(2.26B)";"(1.54B)";"15M";"97M";"27M";"840M";"17M"
"BWA";"(546.6M)";"(481M)";"(461M)";"(668M)";"(723M)";"-";"(10M)";"(449M)";"(792M)";"(371M)";"36M";"37M";"20M";"36M";"50M"
"BXP";"(399.81M)";"(432.39M)";"(394.55M)";"(414.95M)";"(398.09M)";"-";"(186.96M)";"-";"-";"-";"46.7M";"35.82M";"8.22M";"18M";"849K"
"C";"(3.77B)";"(5.34B)";"(3.45B)";"(4.12B)";"(5.63B)";"-";"-";"-";"-";"-";"212M";"259M";"50M";"190M";"63M"
"CAG";"(353.1M)";"(369.5M)";"(506.4M)";"(464.4M)";"(362.2M)";"(5.12B)";"-";"-";"-";"-";"304M";"208.6M";"163.4M";"20.3M";"3.2M"
"CAH";"(328M)";"(375M)";"(400M)";"(387M)";"(481M)";"(82M)";"-";"(3M)";"(22M)";"(13M)";"763M";"2M";"-";"954M";"12M"
"CARR";"(263M)";"(243M)";"(312M)";"(344M)";"(353M)";"(310M)";"-";"-";"(366M)";"(506M)";"1.03B";"6M";"-";"-";"2.9B"
"CAT";"(2.92B)";"(2.67B)";"(2.12B)";"(2.47B)";"(2.6B)";"(392M)";"(47M)";"(111M)";"(490M)";"(88M)";"952M";"1.19B";"797M";"1.3B";"831M"
"CB";"-";"-";"-";"-";"-";"-";"(29M)";"-";"-";"(4.98B)";"-";"-";"-";"-";"-"
"CBOE";"(36.3M)";"(35.1M)";"(47.4M)";"(51M)";"(59.8M)";"-";"-";"(351.5M)";"(151.5M)";"(708.3M)";"-";"-";"-";"-";"-"
"CBRE";"(227.8M)";"(293.51M)";"(266.58M)";"(209.85M)";"(260.14M)";"(322.57M)";"(355.93M)";"(27.85M)";"(781.49M)";"(173.58M)";"25.36M";"46.61M";"2.17M";"862K";"2.43M"
"CCI";"(1.74B)";"(2.06B)";"(1.62B)";"(1.23B)";"(1.31B)";"(42M)";"(17M)";"(107M)";"(111M)";"(35M)";"-";"-";"-";"-";"-"
"CCL";"(3.75B)";"(5.43B)";"(3.62B)";"(3.61B)";"(4.94B)";"-";"-";"(81M)";"(90M)";"(1M)";"389M";"26M";"334M";"351M";"70M"
"CDAY";"(40.2M)";"(55.2M)";"(59.8M)";"(63.7M)";"(94.5M)";"-";"(30.2M)";"(58.3M)";"(409.5M)";"-";"-";"-";"-";"37.9M";"-"
"CDNS";"(61.5M)";"(74.61M)";"(94.81M)";"(66.88M)";"(124.22M)";"-";"(338K)";"(197.56M)";"(226.2M)";"(613.79M)";"-";"-";"-";"-";"-"
"CDW";"(86.1M)";"(236.3M)";"(158M)";"(100M)";"(127.8M)";"-";"(95.1M)";"(43M)";"(2.71B)";"(36.7M)";"-";"-";"-";"-";"-"
"CE";"(337M)";"(370M)";"(364M)";"(467M)";"(543M)";"(144M)";"(91M)";"(100M)";"(1.14B)";"(10.59B)";"13M";"1M";"21M";"27M";"48M"
"CEG";"(2.24B)";"(1.85B)";"(1.75B)";"(1.33B)";"(1.69B)";"(154M)";"(41M)";"-";"-";"-";"90M";"52M";"46M";"878M";"52M"
"CF";"(422M)";"(404M)";"(309M)";"(524M)";"(462M)";"(388M)";"-";"-";"-";"-";"26M";"70M";"2M";"1M";"1M"
"CFG";"(511M)";"(393M)";"(118M)";"(1.17B)";"(226M)";"(533M)";"(129M)";"(3M)";"(165M)";"(255M)";"-";"31M";"-";"-";"-"
"CHD";"(60.4M)";"(73.7M)";"(98.9M)";"(118.8M)";"(178.8M)";"(49.8M)";"(475M)";"(512.7M)";"(556M)";"(546.8M)";"-";"-";"-";"-";"-"
"CHRW";"(63.87M)";"(70.47M)";"(54.01M)";"(70.92M)";"(128.5M)";"(5.32M)";"(59.2M)";"(223.23M)";"(14.75M)";"-";"-";"-";"-";"-";"63.58M"
"CHTR";"(9.13B)";"(7.2B)";"(7.88B)";"(7.64B)";"(9.38B)";"(656M)";"(885M)";"(1.46B)";"(2.23B)";"(1.6B)";"-";"-";"-";"-";"-"
"CI";"(528M)";"(1.05B)";"(1.09B)";"(1.15B)";"(1.3B)";"(24.46B)";"(153M)";"(139M)";"(1.89B)";"-";"-";"-";"5.59B";"-";"4.84B"
"CINF";"(20M)";"(24M)";"(20M)";"(15M)";"(15M)";"-";"-";"-";"-";"-";"-";"-";"-";"-";"-"
"CL";"(436M)";"(335M)";"(410M)";"(567M)";"(696M)";"(728M)";"(1.71B)";"(452M)";"-";"(809M)";"1M";"1M";"-";"-";"47M"
"CLX";"(206M)";"(254M)";"(331M)";"(251M)";"(228M)";"-";"-";"(85M)";"-";"-";"-";"-";"-";"-";"-"
"CMA";"(90M)";"(86M)";"(79M)";"(70M)";"(82M)";"-";"-";"-";"-";"-";"-";"-";"-";"-";"-"
"CMCSA";"(11.85B)";"(12.48B)";"(12.09B)";"(12.06B)";"(13.77B)";"(38.22B)";"(370M)";"(233M)";"(1.37B)";"(12M)";"141M";"886M";"2.34B";"684M";"1.99B"
"CME";"(116.7M)";"(245.6M)";"(197.5M)";"(127.2M)";"(89.7M)";"(1.8B)";"-";"(5.5M)";"(4.5M)";"(3.1M)";"20.7M";"89.6M";"26.3M";"140.7M";"11.1M"
"CMG";"(287.39M)";"(333.91M)";"(373.35M)";"(442.48M)";"(479.16M)";"-";"-";"-";"-";"-";"-";"-";"-";"4.04M";"-"
"CMI";"(784M)";"(775M)";"(575M)";"(786M)";"(916M)";"(70M)";"(237M)";"-";"-";"(3.19B)";"20M";"23M";"-";"20M";"-"
"CMS";"(2.07B)";"(2.1B)";"(2.31B)";"(2.08B)";"(2.37B)";"-";"-";"-";"-";"-";"-";"97M";"89M";"1M";"2M"
"CNC";"(675M)";"(730M)";"(869M)";"(910M)";"(1B)";"(2.13B)";"(36M)";"(4.05B)";"(534M)";"(1.46B)";"-";"21M";"466M";"68M";"2.48B"
"CNP";"(1.65B)";"(2.51B)";"(2.6B)";"(3.16B)";"(4.42B)";"-";"(5.99B)";"-";"-";"-";"-";"5M";"1.22B";"22M";"2.08B"
"COF";"(874M)";"(887M)";"(710M)";"(698M)";"(934M)";"(600M)";"(8.39B)";"(7M)";"(669M)";"(1.18B)";"-";"-";"-";"-";"-"
"COO";"(193.6M)";"(292.1M)";"(310.4M)";"(214.4M)";"(242M)";"-";"-";"-";"-";"(1.64B)";"-";"-";"-";"-";"52.1M"
"COP";"(6.75B)";"(6.64B)";"(4.72B)";"(5.32B)";"(10.16B)";"-";"-";"-";"(8.29B)";"(60M)";"1.08B";"3.01B";"1.32B";"1.65B";"3.47B"
"COST";"(2.97B)";"(3B)";"(2.81B)";"(3.59B)";"(3.89B)";"-";"-";"(1.16B)";"-";"(842M)";"-";"-";"-";"-";"-"
"CPB";"(407M)";"(384M)";"(299M)";"(275M)";"(242M)";"(6.83B)";"(47M)";"(11M)";"(2M)";"(1M)";"10M";"570M";"2.55B";"111M";"2M"
"CPRT";"(287.91M)";"(373.88M)";"(591.97M)";"(463M)";"(337.45M)";"(8.79M)";"(745K)";"(11.7M)";"(5M)";"(106.6M)";"8.22M";"18.36M";"2.47M";"2.53M";"4.33M"
"CPT";"(373.73M)";"(424.76M)";"(434.75M)";"(432.75M)";"(453.84M)";"-";"-";"-";"-";"(1.07B)";"-";"-";"-";"-";"-"
"CRL";"(140.05M)";"(140.51M)";"(166.56M)";"(228.77M)";"(324.73M)";"(824.87M)";"(515.7M)";"(418.63M)";"(1.29B)";"(283.39M)";"-";"-";"-";"122.69M";"163.28M"
"CRM";"(595M)";"(643M)";"(710M)";"(717M)";"(798M)";"(5.12B)";"(369M)";"(1.28B)";"(14.88B)";"(439M)";"-";"-";"-";"-";"-"
"CSCO";"(909M)";"(770M)";"(692M)";"(477M)";"(849M)";"(2.18B)";"(327M)";"(7.04B)";"(373M)";"(301M)";"22M";"179M";"28M";"91M";"3M"
"CSGP";"(29.63M)";"(46.2M)";"(48.35M)";"(188.98M)";"(93.74M)";"(418.37M)";"(437.56M)";"(426.08M)";"(192.97M)";"(6.27M)";"-";"-";"-";"612K";"30.1M"
"CSX";"(1.75B)";"(1.66B)";"(1.63B)";"(1.79B)";"(2.13B)";"-";"-";"-";"(541M)";"(227M)";"319M";"254M";"56M";"529M";"246M"
"CTAS";"(276.72M)";"(230.29M)";"(143.47M)";"(240.67M)";"(331.11M)";"(9.81M)";"(53.72M)";"(10.04M)";"(164.23M)";"(46.36M)";"3.2M";"13.3M";"31.71M";"15.35M";"-"
"CTLT";"(176.5M)";"(218.1M)";"(465.8M)";"(686M)";"(660M)";"(748M)";"(1.29B)";"(379.7M)";"(147M)";"(1.2B)";"5.2M";"500K";"20.8M";"287M";"-"
"CTRA";"(894.47M)";"(788.37M)";"(575.85M)";"(728M)";"(1.71B)";"-";"-";"-";"-";"-";"678.35M";"2.6M";"828K";"8M";"36M"
"CTSH";"(377M)";"(392M)";"(398M)";"(279M)";"(332M)";"(1.11B)";"(617M)";"(1.12B)";"(970M)";"(367M)";"-";"-";"-";"-";"28M"
"CTVA";"(1.5B)";"(1.16B)";"(475M)";"(573M)";"(605M)";"-";"(10M)";"(60M)";"-";"-";"78M";"270M";"83M";"75M";"73M"
"CVS";"(2.04B)";"(2.46B)";"(2.44B)";"(2.52B)";"(2.73B)";"(42.23B)";"(444M)";"(866M)";"(146M)";"(1.39B)";"832M";"5M";"941M";"-";"-"
"CVX";"(13.73B)";"(13.96B)";"(8.92B)";"(7.6B)";"(10.66B)";"-";"-";"-";"-";"(2.86B)";"2.39B";"2.95B";"3.34B";"1.79B";"2.64B"
"CZR";"(147.42M)";"(170.77M)";"(199M)";"(832M)";"(963M)";"(1.11B)";"-";"(6.31B)";"(1.59B)";"-";"1M";"536.13M";"366M";"726M";"39M"
"D";"(4.41B)";"(5.32B)";"(6.33B)";"(6.06B)";"(7.76B)";"-";"-";"-";"-";"-";"-";"-";"-";"495M";"727M"
"DAL";"(5.17B)";"(4.94B)";"(1.9B)";"(3.25B)";"(6.37B)";"-";"-";"-";"-";"-";"-";"-";"465M";"-";"-"
"DD";"(3.86B)";"(2.47B)";"(1.19B)";"(891M)";"(743M)";"(20M)";"(180M)";"(70M)";"(2.35B)";"5M";"202M";"299M";"1.03B";"797M";"10.95B"
"DE";"(2.95B)";"(3.45B)";"(2.66B)";"(2.58B)";"(3.79B)";"(5.25B)";"-";"(66M)";"(244M)";"(498M)";"1.64B";"1.74B";"1.78B";"2.09B";"2.09B"
"DFS";"(254M)";"(284M)";"(261M)";"(194M)";"(236M)";"-";"-";"-";"-";"-";"-";"-";"-";"-";"9M"
"DG";"(734.38M)";"(784.84M)";"(1.03B)";"(1.07B)";"(1.56B)";"-";"-";"-";"-";"-";"2.78M";"2.36M";"3.05M";"4.9M";"5.24M"
"DGX";"(383M)";"(400M)";"(418M)";"(403M)";"(404M)";"(421M)";"(58M)";"(330M)";"(331M)";"(144M)";"18M";"91M";"3M";"3M";"-"
"DHI";"(138.3M)";"(224.1M)";"(286.8M)";"(267.4M)";"(148.2M)";"(159.2M)";"(315.8M)";"(9.7M)";"(24.5M)";"(271.5M)";"292.9M";"143.8M";"129.8M";"37.6M";"-"
"DHR";"(583.5M)";"(635.5M)";"(791M)";"(1.29B)";"(1.15B)";"(2.17B)";"(331.3M)";"(20.97B)";"(10.96B)";"(637M)";"6.3M";"12.8M";"828M";"39M";"9M"
"DIS";"(4.47B)";"(4.88B)";"(4.02B)";"(3.58B)";"(4.94B)";"(1.58B)";"(11.33B)";"-";"(350M)";"-";"399M";"737M";"94M";"91M";"-"
"DISH";"(393.94M)";"(593.24M)";"(1.46B)";"(1.31B)";"(9.93B)";"-";"-";"(1.31B)";"-";"-";"-";"-";"-";"-";"-"
"DLR";"(1.37B)";"(1.5B)";"(2.18B)";"(2.52B)";"(2.64B)";"(2.09B)";"(97.08M)";"(1.03B)";"(192.02M)";"(1.93B)";"182.12M";"63.17M";"223.37M";"124.13M";"44.31M"
"DLTR";"(817.1M)";"(1.04B)";"(898.8M)";"(1.02B)";"(1.25B)";"-";"-";"-";"-";"-";"400K";"-";"9.1M";"-";"-"
"DOV";"(170.99M)";"(186.8M)";"(165.69M)";"(171.47M)";"(220.96M)";"(68.56M)";"(215.69M)";"(335.79M)";"(1.11B)";"(312.86M)";"9.85M";"28.39M";"22.61M";"282.05M";"6.06M"
"DOW";"(2.12B)";"(1.97B)";"(1.26B)";"(2.2B)";"(1.83B)";"(20M)";"(297M)";"(130M)";"(129M)";"(228M)";"47M";"84M";"929M";"119M";"84M"
"DPZ";"(119.89M)";"(88.99M)";"(88.77M)";"(94.17M)";"(94.05M)";"-";"-";"-";"-";"-";"8.37M";"12.26M";"174K";"16K";"41.09M"
"DRI";"(477.9M)";"(484.5M)";"(270.3M)";"(402.5M)";"(594.3M)";"-";"(55.8M)";"-";"-";"-";"13.2M";"5.8M";"5.4M";"10.1M";"25.4M"
"DTE";"(2.71B)";"(3B)";"(3.86B)";"(3.77B)";"(3.38B)";"-";"(2.77B)";"(126M)";"-";"-";"53M";"38M";"49M";"47M";"27M"
"DUK";"(9.39B)";"(11.12B)";"(9.91B)";"(9.72B)";"(11.37B)";"-";"-";"-";"-";"-";"41M";"843M";"426M";"1.58B";"1.38B"
"DVA";"(987.14M)";"(766.55M)";"(674.54M)";"(641.47M)";"(603.43M)";"(211.24M)";"(168.88M)";"(189.84M)";"(207.15M)";"(78.08M)";"202.53M";"3.93B";"93.11M";"96.1M";"136.05M"
"DVN";"(2.17B)";"(1.94B)";"(1.16B)";"(2.01B)";"(5.13B)";"-";"-";"(14M)";"(24M)";"-";"500M";"506M";"55M";"427M";"39M"
"DXC";"(952M)";"(866M)";"(776M)";"(758M)";"(678M)";"(430M)";"(2B)";"-";"-";"(147M)";"357M";"73M";"5.3B";"633M";"171M"
"DXCM";"(67.1M)";"(180M)";"(199M)";"(389.2M)";"(364.8M)";"(11.3M)";"-";"-";"(30.2M)";"(3.9M)";"-";"-";"-";"-";"-"
"EA";"(119M)";"(140M)";"(124M)";"(188M)";"(207M)";"(58M)";"-";"(1.24B)";"(3.39B)";"-";"-";"-";"-";"-";"-"
"EBAY";"(651M)";"(523M)";"(463M)";"(444M)";"(449M)";"(302M)";"-";"-";"-";"(208M)";"-";"-";"-";"-";"-"
"ECL";"(847.1M)";"(731.3M)";"(489M)";"(643M)";"(712.8M)";"(229.8M)";"(391.4M)";"(487M)";"(3.92B)";"(7.2M)";"39.2M";"14.3M";"121.5M";"12.2M";"2.2M"
"ED";"(3.5B)";"(3.49B)";"(3.91B)";"(3.95B)";"(4.17B)";"(1.49B)";"-";"-";"-";"-";"5M";"192M";"-";"812M";"-"
"EFX";"(321.9M)";"(399.6M)";"(421.3M)";"(469M)";"(624.5M)";"(169.2M)";"(272.9M)";"(70.4M)";"(2.95B)";"(434.2M)";"5.6M";"-";"-";"6.4M";"98.8M"
"EG";"-";"-";"-";"-";"-";"-";"-";"-";"-";"-";"-";"-";"-";"-";"-"
"EIX";"(4.51B)";"(4.88B)";"(5.48B)";"(5.51B)";"(5.78B)";"-";"-";"-";"-";"-";"78M";"-";"158M";"-";"-"
"EL";"(744M)";"(623M)";"(637M)";"(1.04B)";"(3.29B)";"-";"(1.05B)";"(1.07B)";"(18M)";"-";"2M";"-";"-";"-";"-"
"ELV";"(1.21B)";"(1.08B)";"(1.02B)";"(1.09B)";"(1.15B)";"(1.76B)";"-";"(1.98B)";"(3.48B)";"(649M)";"-";"-";"-";"-";"-"
"EMN";"(528M)";"(425M)";"(383M)";"(578M)";"(624M)";"(3M)";"(48M)";"(1M)";"(114M)";"(1M)";"5M";"-";"-";"667M";"998M"
"EMR";"(617M)";"(594M)";"(538M)";"(581M)";"(531M)";"(2.2B)";"(469M)";"(126M)";"(1.61B)";"(5.7B)";"201M";"14M";"-";"34M";"601M"
"ENPH";"(4.15M)";"(14.79M)";"(20.56M)";"(52.51M)";"(46.44M)";"(15M)";"-";"-";"(235.65M)";"(62.16M)";"-";"-";"-";"-";"-"
"EOG";"(6.08B)";"(6.42B)";"(3.46B)";"(3.85B)";"(5B)";"-";"-";"-";"-";"-";"227.45M";"140.29M";"191.93M";"231M";"349M"
"EPAM";"(37.57M)";"(99.31M)";"(68.79M)";"(111.5M)";"(81.63M)";"(74.27M)";"(39.32M)";"(18.89M)";"(316.71M)";"(12.9M)";"-";"-";"-";"-";"-"
"EQIX";"(2.1B)";"(2.08B)";"(2.28B)";"(2.75B)";"(2.28B)";"(829.69M)";"(34.14M)";"(1.18B)";"(158.5M)";"(964.01M)";"-";"-";"-";"208.59M";"249.91M"
"EQR";"(193.01M)";"(183.38M)";"(156.08M)";"(152.72M)";"(225.14M)";"(13K)";"-";"-";"-";"(32.18M)";"126K";"7.34M";"430K";"1.39M";"604K"
"EQT";"(3B)";"(1.6B)";"(1.04B)";"(1.06B)";"(1.4B)";"-";"-";"(691.94M)";"(1.03B)";"(55.35M)";"583.38M";"-";"133.58M";"9.95M";"23.57M"
"ES";"(2.52B)";"(2.91B)";"(2.94B)";"(3.18B)";"(3.44B)";"-";"-";"(1.11B)";"-";"-";"193.92M";"-";"110.54M";"-";"-"
"ESS";"(81.68M)";"(101.69M)";"(90.09M)";"(121.2M)";"(163.19M)";"(1.48M)";"(36.64M)";"(3.99M)";"(12.92M)";"(11.93M)";"-";"-";"-";"-";"125K"
"ETN";"(565M)";"(587M)";"(389M)";"(575M)";"(598M)";"-";"(1.22B)";"(200M)";"(4.5B)";"(610M)";"-";"-";"1.41B";"3.13B";"194M"
"ETR";"(4.27B)";"(4.63B)";"(5.16B)";"(6.42B)";"(5.4B)";"-";"-";"-";"-";"-";"24.9M";"28.93M";"-";"17.42M";"-"
"ETSY";"(56.05M)";"(17.24M)";"(7.99M)";"(30.11M)";"(37.2M)";"-";"(270.41M)";"-";"(1.7B)";"-";"-";"-";"-";"-";"-"
"EVRG";"(1.07B)";"(1.21B)";"(1.56B)";"(1.97B)";"(2.17B)";"-";"-";"-";"-";"-";"1.15B";"-";"-";"-";"-"
"EW";"(241.7M)";"(278.4M)";"(407.3M)";"(329.8M)";"(264.8M)";"-";"(135.2M)";"(10M)";"(13.1M)";"-";"-";"-";"-";"-";"-"
"EXC";"(7.59B)";"(7.25B)";"(8.05B)";"(7.98B)";"(7.15B)";"(154M)";"(41M)";"-";"-";"-";"91M";"53M";"46M";"877M";"16M"
"EXPD";"(47.47M)";"(47.02M)";"(47.54M)";"(36.25M)";"(86.82M)";"(688K)";"-";"-";"-";"-";"215K";"579K";"-";"-";"-"
"EXPE";"(878M)";"(1.16B)";"(797M)";"(673M)";"(662M)";"(53M)";"80M";"-";"(60M)";"-";"-";"-";"-";"-";"4M"
"EXR";"(4.3M)";"(7.76M)";"(7.09M)";"(3.66M)";"(22.83M)";"(2.56M)";"-";"(1M)";"(788K)";"(161.92M)";"122K";"173K";"66K";"-";"-"
"F";"(7.79B)";"(7.63B)";"(5.74B)";"(6.23B)";"(6.87B)";"-";"-";"-";"-";"-";"-";"-";"1.34B";"145M";"449M"
"FANG";"(1.67B)";"(2.93B)";"(1.86B)";"(1.49B)";"(1.94B)";"(1.81B)";"(776M)";"(185M)";"(812M)";"(1.57B)";"-";"-";"-";"-";"-"
"FAST";"(176.3M)";"(246.4M)";"(168.1M)";"(156.6M)";"(173.8M)";"(3.7M)";"-";"(125M)";"-";"-";"9.5M";"6.6M";"10.6M";"8.4M";"11.4M"
"FCX";"(1.97B)";"(2.65B)";"(1.96B)";"(2.12B)";"(3.47B)";"(3.5B)";"-";"-";"(33M)";"-";"457M";"617M";"706M";"182M";"189M"
"FDS";"(33.52M)";"(59.37M)";"(77.64M)";"(61.33M)";"(51.16M)";"(15M)";"-";"-";"(58.06M)";"(1.98B)";"-";"-";"-";"-";"-"
"FDX";"(5.49B)";"(5.87B)";"(5.88B)";"(6.76B)";"(6.17B)";"(66M)";"-";"(228M)";"-";"-";"83M";"22M";"102M";"94M";"84M"
"FE";"(2.68B)";"(2.67B)";"(2.66B)";"(2.45B)";"(2.76B)";"-";"-";"-";"-";"(21M)";"425M";"47M";"2M";"155M";"2.36B"
"FFIV";"(53.47M)";"(103.54M)";"(59.94M)";"(30.65M)";"(33.62M)";"-";"(611.55M)";"(955.57M)";"(411.32M)";"(67.91M)";"1M";"-";"-";"-";"-"
"FI";"(360M)";"(721M)";"(900M)";"(1.16B)";"(1.48B)";"(712M)";"(16.01B)";"(139M)";"(848M)";"(988M)";"419M";"51M";"579M";"-";"246M"
"FIS";"(622M)";"(828M)";"(1.13B)";"(1.25B)";"(1.39B)";"(16M)";"(6.63B)";"(469M)";"(767M)";"-";"-";"49M";"-";"370M";"50M"
"FITB";"(216M)";"(330M)";"(402M)";"(690M)";"(685M)";"(43M)";"1.21B";"(4M)";"(728M)";"(917M)";"57M";"90M";"33M";"47M";"68M"
"FLT";"(81.39M)";"(75.17M)";"(78.43M)";"(111.53M)";"(151.43M)";"(20.84M)";"(448.28M)";"(80.79M)";"(602.12M)";"(216.92M)";"98.74M";"-";"-";"-";"-"
"FMC";"(83M)";"(93.9M)";"(67.2M)";"(100.1M)";"(142.3M)";"-";"-";"(73M)";"(5.2M)";"(198.2M)";"107.6M";"-";"-";"-";"50.5M"
"FOX";"(235M)";"(359M)";"(484M)";"(307M)";"(357M)";"-";"(1.06B)";"(118M)";"(243M)";"-";"-";"-";"93M";"83M";"-"
"FOXA";"(235M)";"(359M)";"(484M)";"(307M)";"(357M)";"-";"(1.06B)";"(118M)";"(243M)";"-";"-";"-";"93M";"83M";"-"
"FRT";"(368.26M)";"(409.91M)";"(501.94M)";"(440.51M)";"(416.7M)";"-";"-";"-";"-";"(4.19M)";"2.84M";"404K";"-";"133K";"-"
"FSLR";"(739.84M)";"(668.72M)";"(416.64M)";"(540.29M)";"(903.61M)";"-";"-";"-";"-";"-";"-";"-";"-";"300.5M";"442.3M"
"FTNT";"(53M)";"(92.2M)";"(125.9M)";"(295.9M)";"(281.2M)";"(21.7M)";"(34.6M)";"(40.2M)";"(74.9M)";"(30.8M)";"-";"-";"-";"-";"-"
"FTV";"(112.3M)";"(74.5M)";"(75.7M)";"(50M)";"(95.8M)";"(2.82B)";"(3.94B)";"(40.4M)";"(2.57B)";"(12.8M)";"-";"-";"5.3M";"4.5M";"9.6M"
"GD";"(690M)";"(987M)";"(967M)";"(887M)";"(1.11B)";"(10.1B)";"(19M)";"(203M)";"-";"-";"562M";"14M";"171M";"-";"-"
"GE";"(6.95B)";"(6.1B)";"(1.73B)";"(1.36B)";"(1.48B)";"(1M)";"(68M)";"(85M)";"(1.55B)";"(30M)";"12.55B";"17.65B";"21.18B";"26.67B";"4.94B"
"GEN";"(207M)";"(89M)";"(6M)";"(6M)";"(6M)";"(180M)";"-";"(344M)";"(39M)";"(6.55B)";"26M";"10.92B";"218M";"355M";"-"
"GILD";"(924M)";"(825M)";"(650M)";"(579M)";"(728M)";"-";"-";"(25.74B)";"(1.4B)";"(1.8B)";"-";"-";"-";"-";"-"
"GIS";"(537.6M)";"(460.8M)";"(530.8M)";"(568.7M)";"(689.5M)";"-";"-";"-";"(1.2B)";"(251.5M)";"96.4M";"1.7M";"5.6M";"77.4M";"634.4M"
"GL";"(45.09M)";"(42.2M)";"(41.76M)";"(38.24M)";"(27.93M)";"-";"-";"-";"-";"-";"-";"-";"-";"-";"-"
"GLW";"(2.31B)";"(1.99B)";"(1.38B)";"(1.64B)";"(1.6B)";"(842M)";"-";"-";"-";"-";"-";"78M";"41M";"120M";"76M"
"GM";"(25.5B)";"(24B)";"(20.53B)";"(22.11B)";"(21.19B)";"-";"-";"-";"-";"-";"10.86B";"13.3B";"13.4B";"14.39B";"14.23B"
"GNRC";"(47.6M)";"(60.8M)";"(62.13M)";"(109.99M)";"(86.19M)";"(65.44M)";"(112M)";"(64.8M)";"(740.64M)";"(25.44M)";"214K";"95K";"179K";"259K";"2.08M"
"GOOG";"(25.14B)";"(23.55B)";"(22.28B)";"(24.64B)";"(31.49B)";"(1.49B)";"(2.52B)";"(738M)";"(2.62B)";"(6.97B)";"98M";"-";"-";"-";"-"
"GOOGL";"(25.14B)";"(23.55B)";"(22.28B)";"(24.64B)";"(31.49B)";"(1.49B)";"(2.52B)";"(738M)";"(2.62B)";"(6.97B)";"98M";"-";"-";"-";"-"
"GPC";"(232.42M)";"(277.87M)";"(153.5M)";"(266.14M)";"(339.63M)";"-";"-";"-";"-";"-";"14.67M";"459M";"405.44M";"44.29M";"178.61M"
"GPN";"(213.29M)";"(307.87M)";"(436.24M)";"(493.22M)";"(615.65M)";"(1.26B)";"(644.62M)";"(160.8M)";"(1.81B)";"(95.43M)";"-";"-";"119.37M";"69.99M";"-"
"GRMN";"(160.36M)";"(120.41M)";"(187.47M)";"(309.59M)";"(246.19M)";"(29.17M)";"(300.29M)";"(148.65M)";"(20.18M)";"(13.46M)";"1.6M";"529K";"1.98M";"35K";"2.4M"
"GS";"(7.98B)";"(8.44B)";"(6.31B)";"(4.67B)";"(3.75B)";"(162M)";"(803M)";"(231M)";"-";"(2.12B)";"3.71B";"6.63B";"2.97B";"3.93B";"2.71B"
"GWW";"(239M)";"(221M)";"(197M)";"(255M)";"(256M)";"-";"-";"-";"-";"-";"86M";"17M";"20M";"29M";"28M"
"HAL";"(2.03B)";"(1.53B)";"(728M)";"(799M)";"(1.01B)";"(187M)";"(33M)";"-";"-";"-";"218M";"190M";"286M";"257M";"200M"
"HAS";"(140.43M)";"(133.64M)";"(125.75M)";"(132.7M)";"(174.2M)";"(155.45M)";"(8.76M)";"(4.41B)";"-";"(146.3M)";"-";"-";"-";"378.5M";"-"
"HBAN";"(110M)";"(107M)";"(119M)";"(247M)";"(214M)";"(15M)";"(548M)";"-";"(618M)";"-";"-";"-";"-";"466M";"(223M)"
"HCA";"(3.57B)";"(4.16B)";"(2.84B)";"(3.58B)";"(4.4B)";"(1.25B)";"(1.68B)";"(568M)";"(1.11B)";"(224M)";"808M";"61M";"68M";"2.16B";"1.24B"
"HD";"(2.44B)";"(2.68B)";"(2.46B)";"(2.57B)";"(3.12B)";"(21M)";"-";"(7.78B)";"(421M)";"-";"33M";"37M";"-";"-";"-"
"HES";"(2.1B)";"(2.83B)";"(2.2B)";"(1.75B)";"(2.73B)";"(211M)";"(353M)";"(261M)";"(664M)";"(510M)";"607M";"22M";"493M";"427M";"178M"
"HIG";"(122M)";"(105M)";"(114M)";"(133M)";"(175M)";"-";"(1.9B)";"-";"-";"-";"1.12B";"-";"-";"11M";"-"
"HII";"(402M)";"(436M)";"(336M)";"(311M)";"(272M)";"(77M)";"(195M)";"(417M)";"(1.64B)";"-";"13M";"-";"-";"20M";"-"
"HLT";"(159M)";"(205M)";"(92M)";"(79M)";"(102M)";"-";"-";"-";"-";"-";"-";"120M";"-";"6M";"-"
"HOLX";"(105.6M)";"(113.6M)";"(156.4M)";"(162.7M)";"(127.2M)";"(76.5M)";"(110.6M)";"(121.2M)";"(1.17B)";"(158.6M)";"-";"-";"139.3M";"-";"75M"
"HON";"(828M)";"(839M)";"(906M)";"(895M)";"(766M)";"(535M)";"(50M)";"(261M)";"(1.33B)";"(178M)";"15M";"43M";"57M";"816M";"438M"
"HPE";"(2.96B)";"(2.86B)";"(2.38B)";"(2.5B)";"(3.12B)";"(207M)";"(1.53B)";"(866M)";"(505M)";"-";"1.11B";"597M";"703M";"354M";"602M"
"HPQ";"(546M)";"(671M)";"(580M)";"(582M)";"(791M)";"(1.04B)";"(458M)";"-";"(854M)";"(2.76B)";"172M";"-";"3M";"-";"26M"
"HRL";"(389.61M)";"(293.84M)";"(367.5M)";"(232.42M)";"(278.92M)";"(857.67M)";"-";"(270.79M)";"(3.4B)";"-";"9.75M";"517.21M";"1.99M";"2.22M";"1.22M"
"HSIC";"(71.28M)";"(76.22M)";"(48.83M)";"(79.02M)";"(96M)";"(340.88M)";"(658.24M)";"(79.71M)";"(630.8M)";"(196M)";"-";"51.5M";"-";"-";"-"
"HST";"(474M)";"(558M)";"(499M)";"(427M)";"(504M)";"(1.03B)";"(602M)";"-";"(1.46B)";"(301M)";"1.61B";"1.19B";"281M";"729M";"-"
"HSY";"(328.6M)";"(318.19M)";"(441.63M)";"(495.88M)";"(519.48M)";"(1.34B)";"(402.16M)";"-";"(1.6B)";"-";"216.81M";"28.13M";"1.11M";"-";"-"
"HUM";"(612M)";"(736M)";"(964M)";"(1.32B)";"(1.12B)";"(1.16B)";"-";"(709M)";"(4.19B)";"(337M)";"-";"-";"-";"-";"2.7B"
"HWM";"(768M)";"(641M)";"(267M)";"(199M)";"(193M)";"-";"-";"-";"-";"-";"-";"-";"-";"-";"58M"
"IBM";"(3.96B)";"(2.91B)";"(3.23B)";"(2.77B)";"(1.97B)";"(139M)";"(32.63B)";"(336M)";"(3.29B)";"(2.35B)";"248M";"1.61B";"691M";"501M";"1.38B"
"ICE";"(280M)";"(305M)";"(410M)";"(452M)";"(482M)";"(1.25B)";"(352M)";"(9.45B)";"(66M)";"(59M)";"-";"-";"-";"-";"-"
"IDXX";"(122.94M)";"(155.22M)";"(107.88M)";"(119.55M)";"(158.84M)";"(22.5M)";"(50.3M)";"(1.5M)";"(174.41M)";"(11.51M)";"-";"-";"-";"-";"-"
"IEX";"(60.09M)";"(50.91M)";"(51.55M)";"(72.7M)";"(68M)";"(20.21M)";"(87.18M)";"(123.13M)";"(577.4M)";"(945.6M)";"363K";"962K";"2.29M";"-";"58.3M"
"IFF";"(173.42M)";"(242.05M)";"(191.79M)";"(397M)";"(506M)";"(4.86B)";"(49.07M)";"(21.57M)";"-";"(157M)";"18.33M";"42.11M";"17.19M";"379M";"1.19B"
"ILMN";"(296M)";"(209M)";"(189M)";"(208M)";"(466M)";"(100M)";"-";"(230M)";"(2.44B)";"(85M)";"92M";"-";"-";"52M";"-"
"INCY";"(73.48M)";"(78.06M)";"(187.38M)";"(181.01M)";"(77.83M)";"-";"-";"-";"-";"-";"-";"-";"-";"-";"-"
"INTC";"(15.18B)";"(16.21B)";"(14.26B)";"(20.33B)";"(25.05B)";"(190M)";"(1.96B)";"(837M)";"(209M)";"-";"548M";"911M";"317M";"-";"6.58B"
"INTU";"(155M)";"(137M)";"(125M)";"(229M)";"(260M)";"(64M)";"-";"(3.06B)";"(5.68B)";"(33M)";"-";"-";"-";"-";"-"
"INVH";"(191.45M)";"(221.68M)";"(271.05M)";"(240.24M)";"(330.44M)";"-";"-";"-";"-";"-";"-";"-";"-";"-";"-"
"IP";"(1.57B)";"(1.28B)";"(751M)";"(549M)";"(931M)";"(8M)";"(103M)";"(65M)";"(80M)";"-";"23M";"99M";"48M";"928M";"13M"
"IPG";"(177.1M)";"(198.5M)";"(167.5M)";"(195.3M)";"(178.1M)";"(2.31B)";"(600K)";"(4.9M)";"(16.3M)";"(252.6M)";"-";"-";"-";"-";"-"
"IQV";"(459M)";"(582M)";"(616M)";"(640M)";"(674M)";"(309M)";"(588M)";"(177M)";"(2.22B)";"(1.32B)";"-";"-";"-";"-";"-"
"IR";"(52.2M)";"(43.2M)";"(42M)";"(64.1M)";"(94.6M)";"(186.3M)";"(12M)";"(14.9M)";"(974.8M)";"(246.8M)";"3.5M";"900K";"22.6M";"9.5M";"-"
"IRM";"(558.75M)";"(824.63M)";"(513.27M)";"(682.9M)";"(953.92M)";"(1.76B)";"(58.24M)";"(118.58M)";"(279M)";"(808.21M)";"1.02M";"-";"-";"492.21M";"170.42M"
"ISRG";"(187.4M)";"(425.6M)";"(341.5M)";"(353.5M)";"(532.4M)";"(87.9M)";"(59.7M)";"(37.7M)";"(8.7M)";"(12.8M)";"-";"10M";"-";"-";"-"
"IT";"(126.87M)";"(149.02M)";"(83.89M)";"(59.83M)";"(108.05M)";"(15.86M)";"(25.99M)";"-";"(22.94M)";"(9.51M)";"526.78M";"-";"-";"-";"-"
"ITW";"(364M)";"(326M)";"(236M)";"(296M)";"(412M)";"-";"(4M)";"-";"(731M)";"(2M)";"27M";"145M";"11M";"8M";"293M"
"IVZ";"(102.5M)";"(124.3M)";"(115M)";"(108.8M)";"(192.9M)";"(1.47B)";"290.5M";"-";"-";"-";"-";"-";"-";"-";"-"
"J";"(94.88M)";"(135.98M)";"(118.27M)";"(92.81M)";"(127.62M)";"(1.49B)";"(576.22M)";"(298.64M)";"(1.74B)";"(437.08M)";"11.03M";"2.81B";"96K";"36.83M";"9.39M"
"JBHT";"(996.94M)";"(854.23M)";"(738.6M)";"(947.56M)";"(1.54B)";"-";"(115.65M)";"(12.14M)";"-";"(118.18M)";"110.17M";"165.92M";"137.78M";"70.55M";"108.9M"
"JCI";"(645M)";"(586M)";"(443M)";"(552M)";"(592M)";"(21M)";"(25M)";"(209M)";"(739M)";"(270M)";"2.25B";"39M";"262M";"143M";"143M"
"JKHY";"(170.76M)";"(177.51M)";"(157.84M)";"(191.39M)";"(206.98M)";"(19.98M)";"(30.38M)";"(2.3M)";"-";"(229.63M)";"127K";"11.13M";"6.19M";"45K";"27.94M"
"JNJ";"(3.67B)";"(3.5B)";"(3.35B)";"(3.65B)";"(4.01B)";"(899M)";"(5.81B)";"(7.32B)";"(60M)";"(17.65B)";"3.2B";"3.27B";"305M";"711M";"543M"
"JNPR";"(147.4M)";"(109.6M)";"(100.4M)";"(100M)";"(105.1M)";"(59.1M)";"(278.2M)";"(484M)";"(192.7M)";"(14.6M)";"-";"-";"-";"-";"89.1M"
"JPM";"-";"-";"-";"-";"-";"-";"-";"-";"-";"-";"-";"-";"-";"-";"-"
"K";"(578M)";"(586M)";"(505M)";"(553M)";"(488M)";"(28M)";"(8M)";"(7M)";"-";"-";"-";"1.33B";"-";"-";"-"
"KDP";"(180M)";"(365M)";"(517M)";"(455M)";"(379M)";"(19.11B)";"(8M)";"-";"-";"-";"169M";"247M";"203M";"122M";"168M"
"KEY";"(99M)";"(85M)";"(63M)";"(66M)";"(108M)";"-";"(185M)";"-";"(29M)";"(58M)";"2M";"18M";"-";"4M";"16M"
"KEYS";"(132M)";"(120M)";"(117M)";"(174M)";"(185M)";"(5M)";"(88M)";"(357M)";"(178M)";"(33M)";"29M";"2M";"-";"-";"-"
"KHC";"(826M)";"(768M)";"(596M)";"(905M)";"(916M)";"(248M)";"(199M)";"-";"(74M)";"(481M)";"-";"1.88B";"-";"5.01B";"88M"
"KIM";"-";"-";"-";"-";"-";"-";"-";"-";"-";"-";"109K";"-";"149K";"-";"891K"
"KLAC";"(130.5M)";"(152.68M)";"(231.63M)";"(307.32M)";"(341.59M)";"(1.82B)";"(90.14M)";"-";"(479.11M)";"(31.44M)";"-";"-";"18.69M";"27.66M";"75.36M"
"KMB";"(877M)";"(1.21B)";"(1.22B)";"(1.01B)";"(876M)";"-";"-";"(1.08B)";"-";"(46M)";"51M";"242M";"31M";"43M";"12M"
"KMI";"(2.96B)";"(2.35B)";"(1.72B)";"(1.28B)";"(1.62B)";"-";"-";"-";"(1.55B)";"(487M)";"3.02B";"1.61B";"1.07B";"406M";"563M"
"KMX";"(304.64M)";"(331.9M)";"(164.54M)";"(308.53M)";"(422.71M)";"-";"-";"-";"(241.56M)";"-";"692K";"3K";"31.76M";"12.56M";"5.19M"
"KO";"(1.55B)";"(2.05B)";"(1.18B)";"(1.37B)";"(1.48B)";"(1.26B)";"(5.54B)";"(1.05B)";"(4.77B)";"(73M)";"1.61B";"1.41B";"378M";"2.29B";"533M"
"KR";"(2.97B)";"(3.13B)";"(2.87B)";"(2.61B)";"(3.08B)";"(241M)";"-";"-";"-";"-";"2.25B";"600M";"165M";"153M";"78M"
"L";"(995M)";"(1.04B)";"(710M)";"(482M)";"(660M)";"(37M)";"(280M)";"(578M)";"(18M)";"(66M)";"113M";"140M";"65M";"80M";"16M"
"LDOS";"(73M)";"(121M)";"(183M)";"(104M)";"(129M)";"(89M)";"(94M)";"(2.66B)";"(622M)";"(199M)";"-";"274M";"12M";"41M";"21M"
"LEN";"(130.44M)";"(86.5M)";"(72.75M)";"(65.17M)";"(57.21M)";"(1.19B)";"(43.73M)";"(42.35M)";"(24.61M)";"(91.33M)";"428.98M";"131.61M";"225.53M";"114.55M";"66.5M"
"LH";"(379.8M)";"(400.2M)";"(381.7M)";"(460.4M)";"(481.9M)";"(117.8M)";"(876M)";"(267.6M)";"(496.9M)";"(1.16B)";"53.8M";"7.7M";"42.1M";"87.3M";"4.3M"
"LHX";"(136M)";"(173M)";"(368M)";"(342M)";"(252M)";"(2M)";"1.13B";"-";"-";"-";"-";"363M";"1.13B";"1.75B";"19M"
"LKQ";"(250.03M)";"(265.73M)";"(172.7M)";"(293.47M)";"(222M)";"(1.21B)";"(27.3M)";"(7.36M)";"(123.9M)";"(4M)";"27.66M";"34.51M";"21.89M";"19.57M";"408M"
"LLY";"(3.02B)";"(1.35B)";"(2.03B)";"(1.87B)";"(2.48B)";"-";"(7.29B)";"(849.3M)";"(747.4M)";"(327.2M)";"-";"354.8M";"-";"-";"-"
"LMT";"(1.28B)";"(1.48B)";"(1.77B)";"(1.52B)";"(1.67B)";"-";"-";"-";"-";"-";"-";"-";"-";"-";"-"
"LNC";"-";"-";"-";"-";"-";"(1.42B)";"-";"-";"-";"-";"-";"-";"-";"-";"-"
"LNT";"(1.63B)";"(1.64B)";"(1.37B)";"(1.17B)";"(1.48B)";"-";"-";"-";"-";"-";"-";"-";"-";"-";"29M"
"LOW";"(1.17B)";"(1.48B)";"(1.79B)";"(1.85B)";"(1.83B)";"-";"-";"-";"-";"-";"76M";"163M";"90M";"113M";"536M"
"LRCX";"(303.49M)";"(203.24M)";"(349.1M)";"(546.03M)";"(501.57M)";"-";"-";"-";"-";"(119.96M)";"-";"-";"-";"-";"-"
"LUMN";"(3.18B)";"(3.63B)";"(3.73B)";"(2.9B)";"(3.02B)";"-";"-";"-";"-";"-";"158M";"93M";"153M";"135M";"8.49B"
"LUV";"(1.98B)";"(1.03B)";"(515M)";"(511M)";"(3.95B)";"-";"-";"-";"-";"-";"-";"-";"-";"-";"-"
"LVS";"(949M)";"(1.27B)";"(1.23B)";"(839M)";"(780M)";"-";"-";"-";"-";"-";"19M";"1.17B";"1M";"7M";"9M"
"LW";"(334.2M)";"(208.4M)";"(163.3M)";"(306.4M)";"(736M)";"(166.8M)";"(116.7M)";"-";"-";"-";"-";"-";"-";"-";"-"
"LYB";"(2.11B)";"(2.69B)";"(1.95B)";"(1.96B)";"(1.89B)";"(1.78B)";"(63M)";"(30M)";"-";"-";"37M";"5M";"15M";"-";"-"
"LYV";"(275.46M)";"(365.83M)";"(222.61M)";"(159.83M)";"(353.29M)";"(279.86M)";"(285.34M)";"(147.33M)";"(393.89M)";"(305.5M)";"4.9M";"14.29M";"5.42M";"22.03M";"15.02M"
"MA";"(504M)";"(728M)";"(708M)";"(814M)";"(1.1B)";"-";"(1.44B)";"(1.04B)";"(4.57B)";"(317M)";"-";"-";"-";"-";"-"
"MAA";"(254.72M)";"(303.1M)";"(426.94M)";"(279.64M)";"(296.18M)";"-";"-";"-";"-";"(43.07M)";"-";"-";"-";"-";"-"
"MAR";"(556M)";"(653M)";"(135M)";"(183M)";"(332M)";"-";"-";"-";"-";"-";"479M";"395M";"260M";"12M";"1M"
"MAS";"(219M)";"(162M)";"(114M)";"(128M)";"(224M)";"(549M)";"-";"(227M)";"(57M)";"-";"14M";"756M";"871M";"5M";"1M"
"MCD";"(2.74B)";"(2.39B)";"(1.64B)";"(2.04B)";"(1.9B)";"(101.7M)";"(540.9M)";"(66.1M)";"(374.2M)";"(807M)";"691.2M";"492M";"103.7M";"302.4M";"484.8M"
"MCHP";"(247.5M)";"(139.1M)";"(181.6M)";"(491.8M)";"(600.4M)";"(7.85B)";"-";"-";"-";"-";"200K";"3.2M";"8.3M";"14.1M";"900K"
"MCK";"(557M)";"(506M)";"(641M)";"(535M)";"(558M)";"(905M)";"(133M)";"(35M)";"(6M)";"(867M)";"101M";"37M";"400M";"578M";"1.08B"
"MCO";"(90.4M)";"(69M)";"(103M)";"(139M)";"(283M)";"(289.3M)";"(174M)";"(920M)";"(2.18B)";"(97M)";"5.7M";"226M";"-";"-";"-"
"MDLZ";"(1.1B)";"(925M)";"(863M)";"(965M)";"(906M)";"(528M)";"(284M)";"(1.14B)";"(833M)";"(5.29B)";"399M";"82M";"10M";"233M";"-"
"MDT";"(1.13B)";"(1.21B)";"(1.36B)";"(1.37B)";"(1.46B)";"(1.83B)";"(488M)";"(994M)";"(91M)";"(1.87B)";"-";"-";"-";"-";"-"
"MET";"-";"-";"-";"-";"-";"-";"(32M)";"(1.68B)";"-";"(35M)";"-";"-";"-";"3.27B";"590M"
"META";"(13.92B)";"(15.1B)";"(15.12B)";"(18.57B)";"(31.43B)";"(137M)";"(508M)";"(388M)";"(851M)";"(1.31B)";"-";"-";"-";"-";"245M"
"MGM";"(1.49B)";"(739.01M)";"(270.58M)";"(490.7M)";"(765.07M)";"(1.03B)";"(535.68M)";"-";"(1.79B)";"(1.89B)";"25.61M";"4.81B";"2.46B";"4B";"1.17B"
"MHK";"(794.11M)";"(545.46M)";"(425.56M)";"(676.12M)";"(580.74M)";"(603.9M)";"(81.08M)";"-";"(123.97M)";"(209.6M)";"-";"-";"-";"-";"-"
"MKC";"(169.1M)";"(173.7M)";"(225.3M)";"(278M)";"(262M)";"(17.2M)";"-";"(803M)";"(706.4M)";"-";"-";"-";"-";"65.4M";"95.2M"
"MKTX";"(47.59M)";"(34.7M)";"(45.63M)";"(50.62M)";"(51.87M)";"-";"(97.43M)";"(23.3M)";"(17.08M)";"-";"-";"-";"-";"-";"-"
"MLM";"(375.95M)";"(393.5M)";"(359.7M)";"(423.1M)";"(481.8M)";"(1.65B)";"-";"(65.1M)";"(3.11B)";"11M";"69.11M";"8.4M";"142.3M";"42.8M";"687.1M"
"MMC";"(314M)";"(421M)";"(348M)";"(406M)";"(470M)";"(884M)";"(5.51B)";"(668M)";"(859M)";"(572M)";"113M";"239M";"104M";"84M";"119M"
"MMM";"(1.58B)";"(1.7B)";"(1.5B)";"(1.6B)";"(1.75B)";"-";"(4.98B)";"(25M)";"-";"-";"1.12B";"359M";"704M";"51M";"691M"
"MNST";"(86.74M)";"(111.66M)";"(93.7M)";"(68.81M)";"(238.5M)";"-";"-";"-";"-";"(329.47M)";"4.3M";"1.24M";"993K";"1.33M";"1.31M"
"MO";"(238M)";"(246M)";"(231M)";"(169M)";"(205M)";"(15M)";"(421M)";"-";"-";"-";"-";"-";"-";"1.18B";"1B"
"MOH";"(30M)";"(57M)";"(74M)";"(77M)";"(91M)";"-";"-";"(755M)";"(129M)";"(134M)";"190M";"-";"-";"-";"-"
"MOS";"(954.5M)";"(1.27B)";"(1.17B)";"(1.29B)";"(1.25B)";"(985.3M)";"(55.1M)";"-";"(24.1M)";"-";"12.6M";"4M";"-";"28.1M";"-"
"MPC";"(3.58B)";"(4.81B)";"(2.79B)";"(1.46B)";"(2.42B)";"(3.82B)";"(129M)";"-";"(630M)";"(904M)";"66M";"144M";"150M";"153M";"90M"
"MPWR";"(22.53M)";"(96.79M)";"(55.64M)";"(95.24M)";"(58.84M)";"-";"-";"-";"-";"-";"-";"9.27M";"29K";"25K";"-"
"MRK";"(2.62B)";"(3.47B)";"(4.43B)";"(4.45B)";"(4.39B)";"(431M)";"(4.95B)";"(6.61B)";"(12.91B)";"(121M)";"-";"-";"-";"-";"-"
"MRNA";"(105.77M)";"(31.55M)";"(67.45M)";"(284M)";"(400M)";"-";"-";"-";"-";"-";"-";"-";"-";"-";"-"
"MRO";"(2.78B)";"(2.55B)";"(1.34B)";"(1.05B)";"(1.45B)";"(25M)";"(293M)";"(1M)";"(47M)";"(3.18B)";"1.26B";"(76M)";"18M";"22M";"11M"
"MS";"(1.87B)";"(1.83B)";"(1.44B)";"(2.31B)";"(3.08B)";"(130M)";"-";"-";"(2.65B)";"-";"-";"-";"3.81B";"-";"-"
"MSCI";"(48.96M)";"(53.77M)";"(50.98M)";"(52.79M)";"(72.9M)";"-";"(18.18M)";"-";"(955.5M)";"-";"83.84M";"10K";"-";"-";"-"
"MSFT";"(13.93B)";"(15.44B)";"(20.62B)";"(23.89B)";"(28.11B)";"(2.39B)";"(2.52B)";"(8.91B)";"(22.04B)";"(1.67B)";"-";"-";"-";"-";"-"
"MSI";"(197M)";"(248M)";"(217M)";"(243M)";"(256M)";"-";"-";"-";"-";"-";"-";"7M";"56M";"6M";"-"
"MTB";"(97.68M)";"(648.13M)";"(927.11M)";"(346.35M)";"(214.39M)";"-";"-";"-";"-";"-";"-";"-";"-";"-";"393.92M"
"MTCH";"(42.38M)";"(79.97M)";"(49.13M)";"";"(49.13M)";"(3.89B)";"(861.38M)";"(36.24M)";"";"(36.24M)";"-";"-";"-";"";"-"
"MTD";"(142.73M)";"(97.34M)";"(92.49M)";"(107.58M)";"(121.24M)";"(5.53M)";"(2M)";"(6.24M)";"(220.86M)";"(37.95M)";"8.19M";"1.42M";"3.11M";"3.65M";"399K"
"MU";"(8.88B)";"(9.78B)";"(8.22B)";"(10.03B)";"(12.07B)";"-";"-";"(744M)";"-";"-";"-";"-";"-";"-";"888M"
"NCLH";"(1.57B)";"(1.64B)";"(946.55M)";"(752.84M)";"(1.78B)";"-";"-";"-";"-";"-";"-";"-";"-";"-";"-"
"NDAQ";"(111M)";"(127M)";"(188M)";"(163M)";"(152M)";"(101M)";"(206M)";"(157M)";"(2.43B)";"(41M)";"286M";"132M";"-";"190M";"-"
"NDSN";"(89.79M)";"(64.24M)";"(50.54M)";"(38.3M)";"(51.43M)";"(50.59M)";"(12.49M)";"(142.41M)";"-";"(171.61M)";"458K";"1.29M";"840K";"163K";"280K"
"NEE";"(6.01B)";"(11.08B)";"(7.76B)";"(7.83B)";"(9.74B)";"-";"-";"-";"-";"-";"-";"-";"-";"-";"-"
"NEM";"(1.03B)";"(1.46B)";"(1.3B)";"(1.65B)";"(2.13B)";"(140M)";"127M";"-";"(328M)";"(363M)";"148M";"93M";"112M";"100M";"117M"
"NFLX";"(339.12M)";"(387.06M)";"(505.35M)";"(551.5M)";"(407.73M)";"-";"-";"-";"-";"-";"-";"-";"-";"-";"-"
"NI";"(1.82B)";"(1.8B)";"(1.76B)";"(1.84B)";"(2.2B)";"-";"-";"-";"-";"-";"-";"-";"1.2B";"245.8M";"21.2M"
"NKE";"(1.12B)";"(1.09B)";"(695M)";"(758M)";"(969M)";"-";"-";"-";"-";"-";"5M";"-";"-";"-";"-"
"NOC";"(1.25B)";"(1.26B)";"(1.42B)";"(1.42B)";"(1.44B)";"(7.66B)";"-";"-";"-";"-";"-";"-";"205M";"3.48B";"155M"
"NOW";"(248.86M)";"(337.58M)";"(432.52M)";"(399M)";"(550M)";"(37.44M)";"(7.41M)";"(107.24M)";"(785M)";"(91M)";"-";"-";"-";"-";"-"
"NRG";"(388M)";"(228M)";"(240M)";"(269M)";"(373M)";"(511M)";"(355M)";"(284M)";"(3.56B)";"(62M)";"1.56B";"1.29B";"81M";"830M";"109M"
"NSC";"(1.95B)";"(2.02B)";"(1.49B)";"(1.47B)";"(1.95B)";"-";"-";"-";"-";"-";"204M";"377M";"333M";"159M";"263M"
"NTAP";"(173M)";"(124M)";"(162M)";"(226M)";"(239M)";"(3M)";"(73M)";"(350M)";"(380M)";"(491M)";"-";"96M";"371M";"-";"-"
"NTRS";"(506M)";"(2.1B)";"(560.4M)";"(515.1M)";"(1.22B)";"(104.2M)";"(10.5M)";"-";"-";"-";"-";"-";"-";"-";"-"
"NUE";"(982.53M)";"(1.48B)";"(1.54B)";"(1.62B)";"(1.95B)";"(33.06M)";"(83.11M)";"(88.07M)";"(1.43B)";"(3.55B)";"31.59M";"41.62M";"40.93M";"19.4M";"131.96M"
"NVDA";"(600M)";"(489M)";"(1.13B)";"(976M)";"(1.83B)";"-";"-";"(8.52B)";"(263M)";"(49M)";"-";"-";"-";"-";"-"
"NVR";"(19.67M)";"(22.7M)";"(16.12M)";"(17.88M)";"(18.43M)";"-";"-";"-";"-";"-";"1.26M";"1.87M";"996K";"978K";"732K"
"NWL";"(384.4M)";"(264.9M)";"(259M)";"(289M)";"(312M)";"-";"-";"-";"(28M)";"-";"5.13B";"995.7M";"16M";"-";"617M"
"NWS";"(572M)";"(438M)";"(390M)";"(499M)";"(499M)";"(188M)";"(32M)";"(886M)";"(1.5B)";"(17M)";"103M";"36M";"24M";"3M";"66M"
"NWSA";"(572M)";"(438M)";"(390M)";"(499M)";"(499M)";"(188M)";"(32M)";"(886M)";"(1.5B)";"(17M)";"103M";"36M";"24M";"3M";"66M"
"NXPI";"(661M)";"(628M)";"(522M)";"(932M)";"(1.23B)";"(18M)";"(1.7B)";"(34M)";"(23M)";"(27M)";"160M";"60M";"165M";"1M";"2M"
"O";"(25.35M)";"(23.54M)";"(8.71M)";"(19.08M)";"(95.51M)";"-";"-";"-";"-";"-";"-";"-";"-";"-";"-"
"ODFL";"(588.29M)";"(479.33M)";"(225.08M)";"(550.08M)";"(775.15M)";"-";"-";"-";"-";"-";"6.98M";"5.69M";"3.69M";"19.55M";"22.1M"
"OGN";"(101M)";"(109M)";"(255M)";"(296M)";"(303M)";"-";"-";"-";"(192M)";"(124M)";"32M";"7M";"5M";"7M";"7M"
"OKE";"(2.14B)";"(3.85B)";"(2.2B)";"(696.85M)";"(1.2B)";"(195M)";"-";"-";"-";"-";"1.58M";"-";"-";"-";"-"
"OMC";"(195.7M)";"(102.2M)";"(75.4M)";"(665.8M)";"(78.2M)";"(394M)";"(61.4M)";"(89.4M)";"(181.9M)";"(297.6M)";"308.4M";"79.4M";"3.2M";"114.1M";"-"
"ON";"(514.8M)";"(634.6M)";"(483.6M)";"(492M)";"(1.04B)";"(95.5M)";"(888M)";"(4.5M)";"(399.4M)";"(2.4M)";"49M";"11.7M";"8.5M";"21M";"322.2M"
"ORCL";"(1.66B)";"(1.56B)";"(2.14B)";"(4.51B)";"(8.7B)";"(363M)";"(124M)";"(41M)";"(148M)";"(27.72B)";"-";"-";"-";"-";"-"
"ORLY";"(504.27M)";"(628.06M)";"(465.58M)";"(442.85M)";"(563.34M)";"-";"-";"-";"-";"-";"4.78M";"7.12M";"15.77M";"9.49M";"14.8M"
"OTIS";"(172M)";"(145M)";"(183M)";"(156M)";"(115M)";"(50M)";"(47M)";"(53M)";"(80M)";"(46M)";"-";"-";"-";"-";"61M"
"OXY";"(4.98B)";"(6.37B)";"(2.54B)";"(2.87B)";"(4.5B)";"(928M)";"(28.09B)";"(114M)";"(431M)";"(990M)";"2.82B";"6.14B";"2.28B";"1.62B";"584M"
"PARA";"(352M)";"(345M)";"(324M)";"(354M)";"(358M)";"(118M)";"(399M)";"(147M)";"(289M)";"(218M)";"39M";"756M";"593M";"3.03B";"95M"
"PAYC";"(59.91M)";"(92.93M)";"(94.1M)";"(126.19M)";"(136.8M)";"-";"-";"-";"-";"-";"-";"-";"-";"-";"-"
"PAYX";"(129.1M)";"(136.8M)";"(123.3M)";"(143.2M)";"(153.4M)";"(992.2M)";"(6.1M)";"(19.5M)";"(24.9M)";"(2.7M)";"-";"-";"-";"-";"16.7M"
"PCAR";"(1.95B)";"(1.97B)";"(1.64B)";"(1.63B)";"(1.39B)";"-";"-";"-";"-";"-";"653.7M";"638.1M";"601.9M";"904.1M";"687.7M"
"PCG";"(6.51B)";"(6.31B)";"(7.69B)";"(7.69B)";"(9.58B)";"-";"-";"-";"-";"-";"-";"-";"-";"749M";"-"
"PEAK";"(106.19M)";"(108.84M)";"(94.12M)";"(111.48M)";"(108.51M)";"-";"-";"-";"-";"-";"299.67M";"388.09M";"-";"640K";"1.39M"
"PEG";"(3.91B)";"(3.17B)";"(2.92B)";"(2.72B)";"(2.89B)";"-";"-";"-";"-";"-";"-";"-";"301M";"569M";"1.92B"
"PEP";"(3.28B)";"(4.23B)";"(4.24B)";"(4.63B)";"(5.21B)";"(1.2B)";"(1.94B)";"-";"(61M)";"(873M)";"639M";"423M";"59M";"335M";"3.76B"
"PFE";"(2.2B)";"(2.49B)";"(2.23B)";"(2.71B)";"(3.24B)";"-";"(10.86B)";"-";"-";"(23B)";"-";"-";"-";"-";"-"
"PFG";"(92.3M)";"(132.4M)";"(108.8M)";"(129.9M)";"(116.3M)";"(215.8M)";"(1.21B)";"(1.4M)";"(24.2M)";"(9.2M)";"-";"-";"-";"27M";"-"
"PG";"(3.35B)";"(3.07B)";"(2.79B)";"(3.16B)";"(3.06B)";"(3.95B)";"(58M)";"(34M)";"(1.38B)";"(765M)";"394M";"30M";"42M";"110M";"46M"
"PGR";"(266M)";"(363.5M)";"(223.5M)";"(243.5M)";"(292M)";"-";"-";"-";"(313.2M)";"-";"9.4M";"53.3M";"21.9M";"66.2M";"35.1M"
"PH";"(195.09M)";"(232.59M)";"(209.96M)";"(230.04M)";"(380.75M)";"(2.04M)";"(5.08B)";"-";"-";"(7.15B)";"66.27M";"26.35M";"140.59M";"42.72M";"486.45M"
"PHM";"(59.04M)";"(58.12M)";"(58.35M)";"(72.78M)";"(112.66M)";"-";"(163.72M)";"(83.25M)";"(10.4M)";"(10.4M)";"-";"-";"-";"-";"-"
"PKG";"(555.9M)";"(403.3M)";"(427.6M)";"(606.9M)";"(830.4M)";"(56.3M)";"-";"-";"(194.9M)";"-";"1.5M";"4.1M";"4.6M";"7.9M";"2.2M"
"PLD";"(227.94M)";"(322.3M)";"(370.98M)";"(498.99M)";"(550.59M)";"(121.79M)";"(109.81M)";"(1.81B)";"(153.24M)";"(181.03M)";"170.07M";"11.6M";"917.09M";"74.4M";"13.3M"
"PM";"(1.44B)";"(852M)";"(602M)";"(748M)";"(1.08B)";"(81M)";"-";"(776M)";"(2.69B)";"(16.33B)";"-";"51M";"-";"-";"-"
"PNC";"-";"-";"-";"(950M)";"(50M)";"-";"-";"-";"(10.51B)";"-";"-";"75M";"14.23B";"-";"-"
"PNR";"(48.2M)";"(58.5M)";"(62.2M)";"(60.2M)";"(85.2M)";"(13.7M)";"(287.8M)";"(58M)";"(338.5M)";"(1.58B)";"200K";"15.9M";"100K";"5.3M";"4.1M"
"PNW";"(1.18B)";"(1.19B)";"(1.33B)";"(1.47B)";"(1.71B)";"-";"-";"-";"-";"-";"-";"-";"-";"-";"-"
"POOL";"(31.58M)";"(33.36M)";"(21.7M)";"(37.66M)";"(43.62M)";"(2.58M)";"(8.9M)";"(124.59M)";"(811.96M)";"(9.26M)";"-";"-";"-";"-";"-"
"PPG";"(411M)";"(413M)";"(304M)";"(371M)";"(518M)";"(378M)";"(682M)";"(1.17B)";"(2.14B)";"(114M)";"27M";"-";"-";"47M";"117M"
"PPL";"(3.24B)";"(3.08B)";"(2.27B)";"(1.97B)";"(2.16B)";"-";"-";"-";"-";"(3.66B)";"-";"-";"-";"-";"146M"
"PRU";"-";"-";"-";"-";"-";"-";"(1.76B)";"-";"-";"-";"-";"-";"1.45B";"132M";"422M"
"PSA";"(140.07M)";"(187.31M)";"(170M)";"(270.24M)";"(459.77M)";"-";"(35M)";"(33K)";"(692K)";"-";"1.72M";"4.15M";"2.63M";"2.45M";"1.67M"
"PSX";"(2.64B)";"(3.87B)";"(2.92B)";"(1.86B)";"(2.19B)";"-";"-";"-";"(24M)";"(500M)";"57M";"157M";"51M";"27M";"4M"
"PTC";"(39.04M)";"(64.41M)";"(31.25M)";"(25.26M)";"(25.95M)";"(3M)";"(86.74M)";"(483.48M)";"(718.03M)";"(282.94M)";"-";"-";"-";"-";"32.52M"
"PWR";"(308.04M)";"(262.27M)";"(260.57M)";"(386.72M)";"(428.78M)";"(94.92M)";"(387.97M)";"(292.57M)";"(2.45B)";"(195.09M)";"31.78M";"31.14M";"54.18M";"49.19M";"62.06M"
"PXD";"(3.78B)";"(3.22B)";"(1.73B)";"(3.29B)";"(4.03B)";"-";"-";"-";"(826M)";"-";"469M";"149M";"60M";"3.24B";"367M"
"PYPL";"(823M)";"(704M)";"(866M)";"(908M)";"(706M)";"(2.12B)";"(70M)";"(3.61B)";"(2.76B)";"-";"3M";"17M";"120M";"5M";"5M"
"QCOM";"(784M)";"(887M)";"(1.41B)";"(1.89B)";"(2.26B)";"(326M)";"(252M)";"(185M)";"(1.38B)";"(4.91B)";"-";"-";"-";"-";"-"
"QRVO";"(220.94M)";"(164.1M)";"(186.96M)";"(213.47M)";"(158.95M)";"-";"(946.04M)";"(47.07M)";"(389.14M)";"(95K)";"-";"-";"-";"-";"-"
"RCL";"(3.66B)";"(3.02B)";"(1.97B)";"(2.23B)";"(2.71B)";"(916.14M)";"-";"-";"-";"-";"-";"-";"27.8M";"176.04M";"421K"
"REG";"(136.6M)";"(147.11M)";"(160.65M)";"(146.39M)";"(155.07M)";"-";"-";"-";"-";"-";"-";"-";"-";"-";"-"
"REGN";"(383.1M)";"(429.6M)";"(614.6M)";"(551.9M)";"(1.62B)";"-";"-";"-";"-";"(230.3M)";"-";"-";"-";"-";"-"
"RF";"(226M)";"(210M)";"(194M)";"(165M)";"(382M)";"-";"-";"(381M)";"(1.18B)";"-";"357M";"-";"-";"-";"-"
"RHI";"(42.48M)";"(59.46M)";"(33.38M)";"(36.61M)";"(61.12M)";"-";"-";"(15.84M)";"-";"(18.98M)";"-";"-";"-";"-";"-"
"RJF";"(133.59M)";"(138M)";"(124M)";"(74M)";"(91M)";"(159.2M)";"(5M)";"(5M)";"(266M)";"-";"-";"-";"-";"-";"1.46B"
"RL";"(197.7M)";"(270.3M)";"(107.8M)";"(166.9M)";"(217.5M)";"(4.5M)";"-";"-";"-";"-";"20M";"21.7M";"-";"-";"-"
"RMD";"(77.34M)";"(105.94M)";"(116.83M)";"(156.04M)";"(134M)";"(951.38M)";"(27.91M)";"(39.07M)";"(42.78M)";"(1.01B)";"-";"-";"-";"-";"-"
"ROK";"(125.5M)";"(132.8M)";"(113.9M)";"(120.3M)";"(141.1M)";"(9.9M)";"(20.7M)";"(550.9M)";"(2.49B)";"(16.6M)";"500K";"4.5M";"14.9M";"400K";"600K"
"ROL";"(27.18M)";"(27.15M)";"(23.23M)";"(27.19M)";"(30.63M)";"(76.77M)";"(430.56M)";"(147.61M)";"(146.1M)";"(119.19M)";"1.84M";"1.76M";"7.7M";"74.44M";"14.6M"
"ROP";"(58.6M)";"(62.9M)";"(46M)";"(58.2M)";"(70.3M)";"(1.28B)";"(2.39B)";"(6.02B)";"(217M)";"(4.28B)";"-";"1.16B";"-";"-";"-"
"ROST";"(413.9M)";"(555.48M)";"(405.43M)";"(557.84M)";"(654.07M)";"-";"-";"-";"-";"-";"-";"-";"-";"-";"-"
"RSG";"(1.07B)";"(1.21B)";"(1.19B)";"(1.32B)";"(1.45B)";"(277.3M)";"(575.1M)";"(769.5M)";"(1.22B)";"(3.04B)";"120.8M";"64.5M";"63M";"65.8M";"83.4M"
"RTX";"(3.29B)";"(3.01B)";"(2.25B)";"(2.55B)";"(2.93B)";"(15.4B)";"(9M)";"(419M)";"(1.09B)";"(66M)";"1.11B";"134M";"5.76B";"1.88B";"94M"
"RVTY";"(93.25M)";"(81.33M)";"(77.51M)";"(86.02M)";"(85.63M)";"(97.69M)";"(400.41M)";"(411.5M)";"(3.98B)";"(7.52M)";"38.03M";"550K";"4.28M";"1.46M";"14.51M"
"SBAC";"(149.81M)";"(154.24M)";"(128.57M)";"(1.39B)";"(1.39B)";"(451.83M)";"(773.96M)";"(271.42M)";"-";"-";"-";"-";"-";"-";"-"
"SBNY";"(11.49M)";"(32.94M)";"(35.04M)";"(32.2M)";"(48.32M)";"-";"-";"-";"-";"-";"-";"-";"-";"-";"-"
"SBUX";"(1.98B)";"(1.81B)";"(1.48B)";"(1.47B)";"(1.84B)";"(1.31B)";"-";"-";"-";"-";"608.2M";"684.3M";"-";"1.18B";"59.3M"
"SCHW";"(570M)";"(708M)";"(631M)";"(916M)";"(971M)";"-";"-";"-";"-";"-";"-";"-";"14.75B";"-";"-"
"SEDG";"(38.61M)";"(72.56M)";"(126.79M)";"(149.25M)";"(169.34M)";"(108.93M)";"(109.9M)";"-";"-";"-";"-";"-";"-";"-";"24.36M"
"SEE";"(168.6M)";"(189.7M)";"(181.1M)";"(213.1M)";"(237.3M)";"(68.4M)";"(455.2M)";"-";"(100K)";"(9.6M)";"6.8M";"-";"13.6M";"89.4M";"9.4M"
"SHW";"(250.96M)";"(328.9M)";"(303.8M)";"(372M)";"(644.5M)";"-";"(77.3M)";"-";"(210.9M)";"(1B)";"38.35M";"6.9M";"60.7M";"137.3M";"33.2M"
"SJM";"(359.8M)";"(269.3M)";"(306.7M)";"(417.5M)";"(477.4M)";"(1.9B)";"-";"-";"-";"-";"370.6M";"2.4M";"564M";"130M";"686.3M"
"SLB";"(2.26B)";"(1.96B)";"(1.22B)";"(1.18B)";"(1.72B)";"(292M)";"(23M)";"(33M)";"(103M)";"(58M)";"579M";"-";"434M";"-";"1.08B"
"SNA";"(90.9M)";"(99.4M)";"(65.6M)";"(70.1M)";"(84.2M)";"(3M)";"(38.6M)";"(41.5M)";"(199.7M)";"-";"700K";"1.7M";"1.8M";"2.1M";"5.6M"
"SNPS";"(101.93M)";"(202.39M)";"(158.76M)";"(95.74M)";"(139.08M)";"(652.64M)";"(36.61M)";"(201.05M)";"(296.02M)";"(422.37M)";"1.66M";"-";"-";"-";"-"
"SO";"(8.39B)";"(7.95B)";"(7.8B)";"(7.68B)";"(8.57B)";"(179M)";"(198M)";"(161M)";"(345M)";"-";"5.51B";"5.32B";"1.41B";"1.42B";"348M"
"SPG";"(745.97M)";"(815.81M)";"(4.06B)";"(784.92M)";"(745.39M)";"(81.51M)";"(6.85M)";"(16.11M)";"(2.22M)";"(1.85M)";"161K";"139K";"220K";"20.9M";"29.68M"
"SPGI";"(113M)";"(115M)";"(76M)";"(35M)";"(89M)";"(401M)";"(91M)";"(201M)";"(99M)";"210M";"6M";"85M";"18M";"16M";"3.92B"
"SRE";"(3.54B)";"(3.71B)";"(4.68B)";"(5.02B)";"(5.36B)";"(10.17B)";"(1.8B)";"(652M)";"(633M)";"(376M)";"1.67B";"904M";"45M";"3.24B";"1.73B"
"STE";"(189.72M)";"(214.52M)";"(239.26M)";"(287.56M)";"(361.97M)";"(13.31M)";"(109.81M)";"(909.19M)";"(550.45M)";"(42.57M)";"8.05M";"10.65M";"3.35M";"175.13M";"21.21M"
"STLD";"(239.39M)";"(451.95M)";"(1.2B)";"(1.01B)";"(908.9M)";"(434M)";"(97.11M)";"(60.01M)";"-";"(134.09M)";"-";"-";"-";"-";"-"
"STT";"(935M)";"(1.38B)";"(2B)";"(1.03B)";"(984M)";"(2.6B)";"(54M)";"-";"(346M)";"-";"-";"-";"-";"13M";"-"
"STX";"(602M)";"(585M)";"(498M)";"(381M)";"(316M)";"-";"-";"-";"-";"-";"144M";"1M";"4M";"-";"534M"
"STZ";"(886.3M)";"(726.5M)";"(864.6M)";"(1.03B)";"(1.04B)";"(45.6M)";"(36.2M)";"(19.9M)";"(53.5M)";"(37.1M)";"72.3M";"278M";"1.02B";"8.7M";"103.4M"
"SWK";"(492.1M)";"(424.7M)";"(348.1M)";"(519.1M)";"(530.4M)";"(524.6M)";"(685.4M)";"(1.32B)";"(2.04B)";"(71.9M)";"42.2M";"176.7M";"79M";"13.7M";"4.19B"
"SWKS";"(430.9M)";"(423.4M)";"(398.5M)";"(652.1M)";"(509.7M)";"(404M)";"-";"-";"(2.75B)";"-";"-";"-";"-";"-";"7.7M"
"SYF";"-";"-";"-";"-";"-";"-";"-";"-";"-";"-";"-";"-";"-";"-";"-"
"SYK";"(572M)";"(649M)";"(487M)";"(525M)";"(588M)";"(2.47B)";"(802M)";"(4.22B)";"(339M)";"(2.56B)";"-";"-";"-";"-";"-"
"SYY";"(692.39M)";"(720.42M)";"(470.68M)";"(632.8M)";"(793.33M)";"(106.62M)";"(142.78M)";"-";"(1.28B)";"(37.38M)";"170.82M";"28.72M";"59.15M";"24.14M";"42.15M"
"T";"(21.25B)";"(19.64B)";"(15.68B)";"(15.55B)";"(19.63B)";"(43.31B)";"(1.81B)";"(1.85B)";"(25.45B)";"(10.2B)";"2.15B";"4.68B";"3.64B";"7.14B";"199M"
"TAP";"(651.7M)";"(593.8M)";"(574.8M)";"(522.6M)";"(661.4M)";"-";"-";"-";"-";"-";"32.5M";"115.9M";"158.8M";"26M";"32.2M"
"TDG";"(73.34M)";"(101.59M)";"(105M)";"(105M)";"(119M)";"(667.62M)";"(3.98B)";"-";"(963M)";"(437M)";"-";"188.77M";"904M";"259M";"3M"
"TDY";"(86.8M)";"(88.4M)";"(71.4M)";"(101.6M)";"(92.6M)";"(3.1M)";"(484M)";"(29M)";"(3.72B)";"(99.6M)";"-";"-";"-";"-";"-"
"TECH";"(25.41M)";"(51.74M)";"(44.3M)";"(44.91M)";"(38.24M)";"(289.49M)";"-";"(225.35M)";"-";"(101.18M)";"-";"-";"-";"-";"17.82M"
"TEL";"(935M)";"(749M)";"(560M)";"(690M)";"(768M)";"(153M)";"(283M)";"(339M)";"(423M)";"(220M)";"23M";"340M";"17M";"86M";"106M"
"TER";"(114.38M)";"(134.64M)";"(184.98M)";"(132.47M)";"(163.25M)";"(169.47M)";"(79.74M)";"-";"(12M)";"-";"7.92M";"-";"149K";"-";"3.41M"
"TFC";"-";"-";"(815M)";"(1.05B)";"(711M)";"(296M)";"-";"(2.44B)";"(1.64B)";"(4.67B)";"-";"6.26B";"-";"-";"-"
"TFX";"(80.8M)";"(102.7M)";"(90.69M)";"(71.62M)";"(79.19M)";"(121.03M)";"(3.46M)";"(767.83M)";"(4.59M)";"(198.43M)";"-";"14.35M";"1.4M";"224.91M";"12.43M"
"TGT";"(3.52B)";"(3.03B)";"(2.65B)";"(3.54B)";"(5.53B)";"-";"-";"-";"-";"-";"85M";"63M";"42M";"383M";"8M"
"TJX";"(1.13B)";"(1.22B)";"(568.02M)";"(1.04B)";"(1.46B)";"-";"-";"-";"-";"-";"-";"-";"-";"-";"-"
"TMO";"(758M)";"(926M)";"(1.47B)";"(2.52B)";"(2.24B)";"(536M)";"(1.84B)";"(38M)";"(19.4B)";"(39M)";"50M";"1.16B";"8M";"20M";"24M"
"TMUS";"(5.67B)";"(7.36B)";"(12.37B)";"(21.69B)";"(17.3B)";"(338M)";"(31M)";"(5B)";"(1.92B)";"(52M)";"-";"38M";"1.86B";"40M";"9M"
"TPR";"(274.2M)";"(205.4M)";"(116M)";"(93.9M)";"(184.2M)";"(43.5M)";"-";"-";"-";"-";"-";"-";"23.9M";"-";"-"
"TRGP";"(3.11B)";"(2.88B)";"(951.6M)";"(505.1M)";"(1.33B)";"(100K)";"-";"-";"-";"(4.64B)";"1.07B";"570.1M";"240.2M";"28M";"49.1M"
"TRMB";"(67.6M)";"(69M)";"(56.8M)";"(46.1M)";"(43.2M)";"(1.76B)";"(220.8M)";"(201.9M)";"(236.1M)";"(373.5M)";"-";"-";"-";"88.1M";"215.4M"
"TROW";"(168.5M)";"(204.6M)";"(214.6M)";"(239.1M)";"(237.6M)";"(23.8M)";"(18.4M)";"(53.9M)";"(2.47B)";"(8.7M)";"-";"-";"-";"-";"-"
"TRV";"-";"-";"-";"-";"-";"(4M)";"-";"-";"(38M)";"(4M)";"-";"-";"-";"-";"-"
"TSCO";"(278.53M)";"(217.45M)";"(294M)";"(628.43M)";"(773.37M)";"-";"-";"-";"-";"(390.77M)";"2.22M";"2.49M";"1.79M";"1.09M";"70.41M"
"TSLA";"(2.32B)";"(1.44B)";"(3.24B)";"(8.01B)";"(7.17B)";"(17.91M)";"(45M)";"(13M)";"-";"(45M)";"437.13M";"279M";"24M";"2M";"-"
"TSN";"(1.2B)";"(1.26B)";"(1.2B)";"(1.21B)";"(1.89B)";"(1.47B)";"(2.46B)";"-";"-";"-";"797M";"170M";"29M";"1.19B";"-"
"TT";"(365.6M)";"(205.4M)";"(146.2M)";"(223M)";"(291.8M)";"(285.2M)";"(83.4M)";"(182.8M)";"(269.2M)";"(234.7M)";"22.1M";"2.2M";"100K";"15.1M";"9.7M"
"TTWO";"(66.97M)";"(53.38M)";"(68.92M)";"(158.64M)";"(204.2M)";"(28.15M)";"(12.04M)";"(102.47M)";"(161.33M)";"(3.31B)";"-";"-";"-";"-";"-"
"TXN";"(1.13B)";"(847M)";"(649M)";"(2.46B)";"(2.8B)";"-";"-";"-";"-";"-";"9M";"30M";"4M";"75M";"3M"
"TXT";"(369M)";"(339M)";"(317M)";"(375M)";"(354M)";"(23M)";"(2M)";"(15M)";"-";"(202M)";"807M";"-";"33M";"41M";"22M"
"TYL";"(27.42M)";"(42.04M)";"(28.47M)";"(55.61M)";"(50.15M)";"(178.09M)";"(218.73M)";"(1.29M)";"(2.09B)";"(163.92M)";"-";"-";"-";"-";"-"
"UAL";"(4.07B)";"(4.53B)";"(1.73B)";"(2.11B)";"(4.82B)";"-";"-";"-";"-";"-";"-";"-";"-";"107M";"207M"
"UDR";"(117.21M)";"(184.35M)";"(174.11M)";"(166.52M)";"(236.01M)";"-";"-";"-";"-";"-";"-";"-";"-";"-";"-"
"UHS";"(701.21M)";"(655.51M)";"(734.21M)";"(855.66M)";"(734M)";"(110.46M)";"(8.01M)";"(52.01M)";"(105.42M)";"(68.81M)";"13.5M";"10.9M";"26.13M";"38.62M";"12M"
"ULTA";"(319.4M)";"(298.53M)";"(151.87M)";"(172.19M)";"(312.13M)";"(13.61M)";"-";"(1.22M)";"-";"-";"-";"-";"-";"-";"-"
"UNH";"(2.06B)";"(2.07B)";"(2.05B)";"(2.45B)";"(2.8B)";"(6B)";"(8.34B)";"(7.14B)";"(6.16B)";"(21.63B)";"-";"-";"-";"-";"3.41B"
"UNP";"(3.44B)";"(3.45B)";"(2.93B)";"(2.94B)";"(3.62B)";"-";"-";"-";"-";"-";"63M";"74M";"149M";"178M";"194M"
"UPS";"(6.28B)";"(6.38B)";"(5.41B)";"(4.19B)";"(4.77B)";"(2M)";"(6M)";"(20M)";"(602M)";"(755M)";"37M";"65M";"40M";"872M";"12M"
"URI";"(2.29B)";"(2.35B)";"(1.16B)";"(3.2B)";"(3.69B)";"(2.97B)";"(249M)";"(2M)";"(1.44B)";"(2.34B)";"687M";"868M";"900M";"998M";"989M"
"USB";"-";"-";"-";"-";"-";"-";"-";"-";"(167M)";"-";"-";"-";"-";"-";"12.26B"
"V";"(718M)";"(756M)";"(736M)";"(705M)";"(970M)";"(196M)";"(699M)";"(77M)";"(75M)";"(1.95B)";"14M";"-";"-";"-";"-"
"VFC";"(269M)";"(333.84M)";"(274.2M)";"(328.32M)";"(261.25M)";"(320.41M)";"-";"(2.01B)";"-";"-";"430.29M";"-";"-";"620.69M";"99.5M"
"VICI";"(899K)";"(2.72M)";"(2.77M)";"(2.51M)";"(1.88M)";"-";"-";"-";"-";"(4.57B)";"-";"-";"-";"-";"-"
"VLO";"(3.2B)";"(2.85B)";"(2.44B)";"(2.46B)";"(2.74B)";"(468M)";"-";"-";"-";"-";"32M";"-";"-";"189M";"265M"
"VMC";"(469.09M)";"(384.09M)";"(362.19M)";"(451.3M)";"(612.6M)";"(221.42M)";"(44.15M)";"(43.22M)";"(1.64B)";"(529.2M)";"33.47M";"24.41M";"12.43M";"216.5M";"88.7M"
"VNO";"(574.81M)";"(69.7M)";"(1.16M)";"(3M)";"(3M)";"-";"-";"-";"-";"-";"61.06M";"1.27B";"100.09M";"4.05M";"5.61M"
"VRSK";"(231M)";"(216.8M)";"(246.8M)";"(268.4M)";"(274.7M)";"(138.2M)";"(699.2M)";"(275.8M)";"(289.8M)";"(448.9M)";"-";"-";"23.1M";"-";"1.07B"
"VRSN";"(37.01M)";"(40.32M)";"(43.4M)";"(53.03M)";"(27.4M)";"-";"(9.87M)";"-";"-";"-";"52.24M";"-";"20.81M";"-";"-"
"VRTX";"(95.52M)";"(75.45M)";"(259.8M)";"(235M)";"(204.7M)";"-";"(1.15B)";"-";"-";"(295.9M)";"-";"-";"-";"-";"-"
"VTR";"(131.86M)";"(156.72M)";"(148.23M)";"(185.28M)";"(222.13M)";"(4.72M)";"-";"(8.24M)";"(24.22M)";"(170K)";"1.88M";"6.28M";"1.31M";"1.73M";"5.37M"
"VTRS";"(252.1M)";"(406M)";"(681.2M)";"(509.4M)";"(443M)";"(65.9M)";"(148.7M)";"-";"-";"-";"29.3M";"28M";"417.9M";"392M";"1.96B"
"VZ";"(18.09B)";"(18.84B)";"(20.32B)";"(67.88B)";"(26.74B)";"(230M)";"(29M)";"(520M)";"(4.07B)";"248M";"-";"28M";"-";"4.12B";"33M"
"WAB";"(93.31M)";"(185.3M)";"(136.4M)";"(130M)";"(149M)";"(51.15M)";"(3B)";"(40.3M)";"(435M)";"(89M)";"11.29M";"3.9M";"21.3M";"25M";"3M"
"WAT";"(96.08M)";"(163.82M)";"(172.38M)";"(168.27M)";"(183.46M)";"(31.49M)";"-";"(80.55M)";"-";"-";"-";"-";"-";"-";"-"
"WBA";"(1.37B)";"(1.7B)";"(1.37B)";"(1.38B)";"(1.73B)";"(4.79B)";"(741M)";"(718M)";"(1.43B)";"(4.3B)";"-";"3M";"724M";"6.38B";"1.31B"
"WBD";"(147M)";"(289M)";"(402M)";"(373M)";"(987M)";"(8.57B)";"(73M)";"(39M)";"(2M)";"-";"175M";"4M";"-";"-";"3.61B"
"WDC";"(876M)";"(647M)";"(1.15B)";"(1.12B)";"(821M)";"-";"(22M)";"-";"-";"-";"119M";"-";"143M";"47M";"14M"
"WEC";"(2.12B)";"(2.26B)";"(2.24B)";"(2.25B)";"(2.33B)";"(301.4M)";"(268.2M)";"(635.5M)";"(119.9M)";"(382M)";"12.1M";"37.6M";"20.3M";"21.9M";"69M"
"WELL";"(266.18M)";"(328.82M)";"(244.99M)";"(282.59M)";"(476.02M)";"(3.56B)";"(3.96B)";"(903.76M)";"(4.08B)";"(2.31B)";"39.21M";"55.37M";"44.02M";"156.32M";"138.66M"
"WFC";"-";"-";"-";"-";"-";"(472M)";"(513M)";"-";"-";"-";"-";"-";"-";"-";"-"
"WHR";"(590M)";"(532M)";"(410M)";"(525M)";"(570M)";"(66M)";"-";"-";"(439M)";"(3.08B)";"-";"-";"-";"-";"-"
"WM";"(1.69B)";"(1.82B)";"(1.63B)";"(1.9B)";"(2.59B)";"(460M)";"(521M)";"(4.09B)";"(75M)";"(377M)";"208M";"49M";"885M";"96M";"27M"
"WMB";"(3.26B)";"(2.15B)";"(1.28B)";"(1.25B)";"(2.28B)";"-";"(730M)";"-";"(151M)";"(933M)";"1.31B";"36M";"7M";"9M";"18M"
"WMT";"(10.34B)";"(10.71B)";"(10.26B)";"(13.11B)";"(16.86B)";"(14.66B)";"(56M)";"(180M)";"(359M)";"(1.57B)";"1.4B";"1.15B";"271M";"8.33B";"170M"
"WRB";"(49.86M)";"(60.46M)";"(38.17M)";"(66.63M)";"(52.68M)";"(6.64M)";"-";"-";"-";"(49.57M)";"8.66M";"-";"-";"-";"906.79M"
"WRK";"(999.9M)";"(1.37B)";"(978.1M)";"(815.5M)";"(862.6M)";"(239.9M)";"(3.37B)";"-";"-";"(7M)";"23.3M";"119.1M";"35M";"64.8M";"28.2M"
"WST";"(104.7M)";"(126.4M)";"(174.4M)";"(253.4M)";"(284.6M)";"-";"(18.9M)";"-";"(2.2M)";"-";"-";"-";"-";"-";"-"
"WTW";"(322M)";"(305M)";"(286M)";"(201M)";"(204M)";"(36M)";"(1.33B)";"(69M)";"(47M)";"(140M)";"4M";"17M";"237M";"4.05B";"-"
"WY";"(427M)";"(384M)";"(706M)";"(590M)";"(763M)";"-";"-";"-";"-";"-";"-";"-";"-";"-";"-"
"WYNN";"(1.6B)";"(1.07B)";"(290.12M)";"(346.69M)";"(352.5M)";"-";"-";"-";"-";"-";"54.21M";"695K";"24.36M";"4.27M";"1.47M"
"XEL";"(3.96B)";"(4.23B)";"(5.37B)";"(4.24B)";"(4.64B)";"-";"-";"-";"-";"-";"-";"-";"684M";"-";"-"
"XOM";"(19.57B)";"(24.36B)";"(17.28B)";"(12.08B)";"(18.41B)";"-";"-";"-";"(436M)";"(1.48B)";"4.27B";"3.85B";"1.62B";"3.18B";"5.25B"
"XRAY";"(188M)";"(122.9M)";"(87M)";"(142M)";"(149M)";"(130.5M)";"(3.2M)";"(1.08B)";"(248M)";"-";"9.2M";"16.4M";"2M";"28M";"-"
"XYL";"(237M)";"(226M)";"(183M)";"(208M)";"(208M)";"(433M)";"(18M)";"-";"-";"-";"22M";"-";"-";"10M";"1M"
"YUM";"(234M)";"(196M)";"(160M)";"(230M)";"(279M)";"(66M)";"-";"(408M)";"-";"-";"825M";"110M";"19M";"85M";"73M"
"ZBH";"(470.5M)";"(740.3M)";"(431.8M)";"(445.2M)";"(511.6M)";"(15.3M)";"(37.1M)";"(235.5M)";"-";"(99.8M)";"-";"-";"-";"-";"-"
"ZBRA";"(64M)";"(61M)";"(67M)";"(59M)";"(75M)";"(72M)";"(262M)";"(548M)";"(452M)";"(881M)";"-";"-";"-";"-";"-"
"ZION";"(129M)";"(117M)";"(171M)";"(206M)";"(190M)";"-";"-";"-";"-";"318M";"-";"-";"-";"-";"-"
"ZTS";"(338M)";"(460M)";"(453M)";"(477M)";"(586M)";"(2.02B)";"(195M)";"(113M)";"(14M)";"(312M)";"56M";"21M";"24M";"2M";"1M"
"MBC";"(30.9M)";"(27.3M)";"(51.6M)";"(55.9M)";"(55.9M)";"-";"-";"-";"-";"-";"2.1M";"600K";"100K";"-";"-"
"PVH";"(379.5M)";"(345.2M)";"(226.6M)";"(267.9M)";"(290.1M)";"(15.9M)";"(192.4M)";"(12.7M)";"(15.2M)";"-";"-";"59.4M";"169.1M";"-";"19.1M"
"PENN";"(174.16M)";"(202.3M)";"(141.8M)";"(268.3M)";"(272.4M)";"(1.95B)";"(1.36B)";"(3M)";"(919.6M)";"-";"662.04M";"-";"16.1M";"1.5M";"4.9M"
"UA";"(174.98M)";"(147.11M)";"(92.29M)";"(69.76M)";"(187.8M)";"-";"-";"(40.28M)";"-";"-";"11.29M";"-";"198.92M";"1.41M";"35M"
"UAA";"(174.98M)";"(147.11M)";"(92.29M)";"(69.76M)";"(187.8M)";"-";"-";"(40.28M)";"-";"-";"11.29M";"-";"198.92M";"1.41M";"35M"
"IPGP";"(160.34M)";"(133.54M)";"(87.7M)";"(123.11M)";"(110.14M)";"(109.12M)";"(15.12M)";"(429K)";"-";"(4.5M)";"1.87M";"661K";"889K";"1.41M";"79.8M"
"GPS";"(705M)";"(1.05B)";"(392M)";"(694M)";"(685M)";"-";"(69M)";"-";"(156M)";"-";"-";"220M";"-";"-";"458M"
"LEG";"(159.6M)";"(143.1M)";"(66.2M)";"(106.6M)";"(100.3M)";"(109.2M)";"(1.27B)";"-";"(152.6M)";"(83.3M)";"4.9M";"5.5M";"14.8M";"38.5M";"4.2M"
"HBI";"(86.29M)";"(101.08M)";"(53.74M)";"(69.27M)";"(215.12M)";"(334.92M)";"(25.23M)";"-";"-";"-";"2.56M";"4.88M";"671K";"2.81M";"157K"
"WU";"(339M)";"(127.7M)";"(156.8M)";"(214.6M)";"(208.2M)";"-";"-";"-";"-";"-";"-";"711.7M";"49.4M";"-";"887.2M"
"PRGO";"(138.2M)";"(286.8M)";"(205.6M)";"(222.7M)";"(96.4M)";"-";"(747.7M)";"(168.5M)";"-";"(2.01B)";"5.2M";"182.5M";"187.8M";"1.49B";"58.7M"
"UNM";"(144.1M)";"(150.9M)";"(119.1M)";"(110.3M)";"(102.2M)";"(145.4M)";"-";"-";"-";"-";"-";"-";"-";"-";"-"
"NOV";"(244M)";"(233M)";"(226M)";"(201M)";"(214M)";"(280M)";"(180M)";"(14M)";"(52M)";"(49M)";"-";"-";"-";"-";"-"
"FLS";"(83.99M)";"(75.72M)";"(57.41M)";"(54.94M)";"(76.29M)";"(3.66M)";"-";"-";"-";"-";"6.19M";"42.33M";"15.71M";"2.66M";"4.42M"
"SLG";"(254.46M)";"(252.99M)";"(458.14M)";"(302.49M)";"(300.77M)";"-";"(25.85M)";"(1.54M)";"-";"(29.82M)";"5.46M";"10.24M";"12.48M";"9.81M";"112.66M"
"XRX";"(90M)";"(65M)";"(74M)";"(68M)";"(57M)";"-";"(42M)";"(203M)";"(53M)";"(93M)";"59M";"21M";"30M";"44M";"87M"
"VNT";"(42.4M)";"(38M)";"(35.7M)";"(47.8M)";"(60M)";"-";"-";"-";"(957.7M)";"(277.5M)";"600K";"100K";"3.5M";"-";"400K"
"FTI";"(368.1M)";"(454.4M)";"(256.1M)";"(191.7M)";"(157.9M)";"(104.9M)";"-";"-";"(63.9M)";"-";"19.5M";"23.8M";"45.5M";"104.6M";"30.2M"
"CXO";"(2.51B)";"(2.46B)";"(2.53B)";"(2.72B)";"(3.24B)";"-";"-";"-";"-";"-";"104K";"331.97M";"832M";"361M";"1.26B"
"HRB";"(95.49M)";"(81.69M)";"(52.79M)";"(61.96M)";"(69.7M)";"(43.64M)";"(450.24M)";"(15.58M)";"(35.92M)";"(48.25M)";"-";"-";"-";"-";"-"
"COTY";"(426.6M)";"(267.4M)";"(173.9M)";"(174.1M)";"(222.8M)";"(40.8M)";"(592.2M)";"-";"-";"-";"13.4M";"26.2M";"2.41B";"213.2M";"104.6M"
"KSS";"(578M)";"(855M)";"(334M)";"(605M)";"(826M)";"-";"-";"-";"-";"-";"-";"-";"-";"-";"-"
"HOG";"(213.52M)";"(181.44M)";"(131.05M)";"(120.18M)";"(151.67M)";"-";"(7M)";"-";"-";"-";"-";"-";"-";"-";"-"
"JWN";"(654M)";"(935M)";"(385M)";"(506M)";"(473M)";"-";"-";"-";"-";"-";"-";"-";"-";"-";"-"
"HP";"(466.58M)";"(458.4M)";"(140.8M)";"(82.15M)";"(250.89M)";"(47.89M)";"(16.16M)";"-";"-";"-";"44.38M";"50.82M";"93.46M";"130.04M";"62.3M"
"CPRI";"(184M)";"(223M)";"(111M)";"(131M)";"(226M)";"(1.88B)";"(13M)";"(13M)";"-";"-";"-";"-";"-";"-";"-"
"M";"(932M)";"(1.16B)";"(466M)";"(597M)";"(1.3B)";"-";"-";"-";"-";"-";"481M";"185M";"113M";"164M";"137M"
"ARNC";"(317M)";"(201M)";"(163M)";"(184M)";"(245M)";"-";"-";"-";"(1M)";"-";"307M";"31M";"125M";"-";"30M"
